
[INFO] Scanning for projects...
[INFO] 
[INFO] --------------------------< com.ftehc:ftehc >---------------------------
[INFO] Building  0.0.1-SNAPSHOT
[INFO]   from pom.xml
[INFO] --------------------------------[ jar ]---------------------------------
[INFO] 
[INFO] >>> spring-boot:3.5.14:run (default-cli) > test-compile @ ftehc >>>
[WARNING] The POM for org.springdoc:springdoc-openapi-starter-webmvc-ui:jar:2.8.16 is invalid, transitive dependencies (if any) will not be available: 1 problem was encountered while building the effective model for org.springdoc:springdoc-openapi-starter-webmvc-ui:2.8.16
[FATAL] The parents form a cycle: org.springdoc:springdoc-openapi-starter-webmvc-ui:2.8.16 -> org.springframework.boot:spring-boot-starter-parent:3.5.11 -> org.springframework.boot:spring-boot-dependencies:3.5.11 -> org.springframework.boot:spring-boot-starter-parent:3.5.11 @ com.expd.worker:script-log-consumer-worker project:3.5.11

Downloading from central: https://repo.maven.apache.org/maven2/org/springdoc/springdoc-openapi-starter-webmvc-api/2.8.16/springdoc-openapi-starter-webmvc-api-2.8.16.pom
Progress (1): 1.6 kB
Progress (1): 1.9 kB
                    
Downloaded from central: https://repo.maven.apache.org/maven2/org/springdoc/springdoc-openapi-starter-webmvc-api/2.8.16/springdoc-openapi-starter-webmvc-api-2.8.16.pom (1.9 kB at 5.6 kB/s)
[WARNING] The POM for org.springdoc:springdoc-openapi-starter-webmvc-api:jar:2.8.16 is invalid, transitive dependencies (if any) will not be available: 1 problem was encountered while building the effective model for org.springdoc:springdoc-openapi-starter-webmvc-api:2.8.16
[FATAL] The parents form a cycle: org.springdoc:springdoc-openapi-starter-webmvc-api:2.8.16 -> org.springframework.boot:spring-boot-starter-parent:3.5.11 -> org.springframework.boot:spring-boot-dependencies:3.5.11 -> org.springframework.boot:spring-boot-starter-parent:3.5.11 @ com.expd.worker:script-log-consumer-worker project:3.5.11

Downloading from central: https://repo.maven.apache.org/maven2/org/springdoc/springdoc-openapi-starter-common/2.8.16/springdoc-openapi-starter-common-2.8.16.pom
Progress (1): 1.8 kB
Progress (1): 3.7 kB
Progress (1): 5.1 kB
                    
Downloaded from central: https://repo.maven.apache.org/maven2/org/springdoc/springdoc-openapi-starter-common/2.8.16/springdoc-openapi-starter-common-2.8.16.pom (5.1 kB at 77 kB/s)
[WARNING] The POM for org.springdoc:springdoc-openapi-starter-common:jar:2.8.16 is invalid, transitive dependencies (if any) will not be available: 1 problem was encountered while building the effective model for org.springdoc:springdoc-openapi-starter-common:2.8.16
[FATAL] The parents form a cycle: org.springdoc:springdoc-openapi-starter-common:2.8.16 -> org.springframework.boot:spring-boot-starter-parent:3.5.11 -> org.springframework.boot:spring-boot-dependencies:3.5.11 -> org.springframework.boot:spring-boot-starter-parent:3.5.11 @ com.expd.worker:script-log-consumer-worker project:3.5.11

Downloading from central: https://repo.maven.apache.org/maven2/org/springdoc/springdoc-openapi-starter-webmvc-api/2.8.16/springdoc-openapi-starter-webmvc-api-2.8.16.jar
Progress (1): 0.9/41 kB
Progress (1): 2.3/41 kB
Progress (1): 3.6/41 kB
Progress (1): 5.0/41 kB
Progress (1): 6.4/41 kB
Progress (1): 7.7/41 kB
Progress (1): 9.1/41 kB
Progress (1): 10/41 kB 
Progress (1): 12/41 kB
Progress (1): 13/41 kB
Progress (1): 15/41 kB
Progress (1): 16/41 kB
Progress (1): 17/41 kB
Progress (1): 19/41 kB
Progress (1): 20/41 kB
Progress (1): 21/41 kB
Progress (1): 23/41 kB
Progress (1): 24/41 kB
Progress (1): 25/41 kB
Progress (1): 26/41 kB
Progress (1): 27/41 kB
Progress (1): 29/41 kB
Progress (1): 30/41 kB
Progress (1): 31/41 kB
Progress (1): 33/41 kB
Progress (1): 34/41 kB
Progress (1): 36/41 kB
Progress (1): 37/41 kB
Progress (1): 38/41 kB
Progress (1): 40/41 kB
Progress (1): 41/41 kB
Progress (1): 41 kB   
                   
Downloaded from central: https://repo.maven.apache.org/maven2/org/springdoc/springdoc-openapi-starter-webmvc-api/2.8.16/springdoc-openapi-starter-webmvc-api-2.8.16.jar (41 kB at 119 kB/s)
Downloading from central: https://repo.maven.apache.org/maven2/org/springdoc/springdoc-openapi-starter-common/2.8.16/springdoc-openapi-starter-common-2.8.16.jar
Progress (1): 1.4/550 kB
Progress (1): 2.7/550 kB
Progress (1): 4.1/550 kB
Progress (1): 8.2/550 kB
Progress (1): 12/550 kB 
Progress (1): 17/550 kB
Progress (1): 21/550 kB
Progress (1): 25/550 kB
Progress (1): 29/550 kB
Progress (1): 34/550 kB
Progress (1): 38/550 kB
Progress (1): 42/550 kB
Progress (1): 46/550 kB
Progress (1): 50/550 kB
Progress (1): 55/550 kB
Progress (1): 57/550 kB
Progress (1): 62/550 kB
Progress (1): 66/550 kB
Progress (1): 70/550 kB
Progress (1): 74/550 kB
Progress (1): 78/550 kB
Progress (1): 83/550 kB
Progress (1): 87/550 kB
Progress (1): 91/550 kB
Progress (1): 95/550 kB
Progress (1): 100/550 kB
Progress (1): 104/550 kB
Progress (1): 108/550 kB
Progress (1): 112/550 kB
Progress (1): 117/550 kB
Progress (1): 121/550 kB
Progress (1): 125/550 kB
Progress (1): 129/550 kB
Progress (1): 133/550 kB
Progress (1): 138/550 kB
Progress (1): 142/550 kB
Progress (1): 146/550 kB
Progress (1): 150/550 kB
Progress (1): 155/550 kB
Progress (1): 159/550 kB
Progress (1): 163/550 kB
Progress (1): 167/550 kB
Progress (1): 172/550 kB
Progress (1): 188/550 kB
Progress (1): 188/550 kB
Progress (1): 205/550 kB
Progress (1): 221/550 kB
Progress (1): 238/550 kB
Progress (1): 254/550 kB
Progress (1): 270/550 kB
Progress (1): 287/550 kB
Progress (1): 303/550 kB
Progress (1): 319/550 kB
Progress (1): 336/550 kB
Progress (1): 352/550 kB
Progress (1): 369/550 kB
Progress (1): 385/550 kB
Progress (1): 401/550 kB
Progress (1): 418/550 kB
Progress (1): 434/550 kB
Progress (1): 451/550 kB
Progress (1): 467/550 kB
Progress (1): 483/550 kB
Progress (1): 500/550 kB
Progress (1): 516/550 kB
Progress (1): 532/550 kB
Progress (1): 548/550 kB
Progress (1): 550 kB    
                    
Downloaded from central: https://repo.maven.apache.org/maven2/org/springdoc/springdoc-openapi-starter-common/2.8.16/springdoc-openapi-starter-common-2.8.16.jar (550 kB at 5.7 MB/s)
[INFO] 
[INFO] --- resources:3.3.1:resources (default-resources) @ ftehc ---
[INFO] Copying 3 resources from src\main\resources to target\classes
[INFO] Copying 0 resource from src\main\resources to target\classes
[INFO] 
[INFO] --- resources:3.3.1:copy-resources (copy-frontend-browser-dist) @ ftehc ---
[INFO] Copying 0 resource from client\dist\school-portal-frontend\browser to target\classes\static
[INFO] 
[INFO] --- compiler:3.14.1:compile (default-compile) @ ftehc ---
[INFO] Recompiling the module because of changed dependency.
[INFO] Compiling 67 source files with javac [debug parameters release 17] to target\classes
[INFO] 
[INFO] --- resources:3.3.1:testResources (default-testResources) @ ftehc ---
[INFO] skip non existing resourceDirectory C:\Users\chq-berehanet\DBKG\FTEHC-School\src\test\resources
[INFO] 
[INFO] --- compiler:3.14.1:testCompile (default-testCompile) @ ftehc ---
[INFO] Recompiling the module because of changed dependency.
[INFO] Compiling 2 source files with javac [debug parameters release 17] to target\test-classes
[INFO] 
[INFO] <<< spring-boot:3.5.14:run (default-cli) < test-compile @ ftehc <<<
[INFO] 
[INFO] 
[INFO] --- spring-boot:3.5.14:run (default-cli) @ ftehc ---
[INFO] Attaching agents: []

  .   ____          _            __ _ _
 /\\ / ___'_ __ _ _(_)_ __  __ _ \ \ \ \
( ( )\___ | '_ | '_| | '_ \/ _` | \ \ \ \
 \\/  ___)| |_)| | | | | || (_| |  ) ) ) )
  '  |____| .__|_| |_|_| |_\__, | / / / /
 =========|_|==============|___/=/_/_/_/

 :: Spring Boot ::               (v3.5.14)

2026-05-19T19:08:08.481-07:00  INFO 24072 --- [ftehc] [           main] com.ftehc.ftehc.FtehcApplication         : Starting FtehcApplication using Java 17.0.12 with PID 24072 (C:\Users\chq-berehanet\DBKG\FTEHC-School\target\classes started by chq-berehanet in C:\Users\chq-berehanet\DBKG\FTEHC-School)
2026-05-19T19:08:08.483-07:00  INFO 24072 --- [ftehc] [           main] com.ftehc.ftehc.FtehcApplication         : The following 1 profile is active: "local"
2026-05-19T19:08:09.352-07:00  INFO 24072 --- [ftehc] [           main] .s.d.r.c.RepositoryConfigurationDelegate : Bootstrapping Spring Data MongoDB repositories in DEFAULT mode.
2026-05-19T19:08:09.418-07:00  INFO 24072 --- [ftehc] [           main] .s.d.r.c.RepositoryConfigurationDelegate : Finished Spring Data repository scanning in 61 ms. Found 14 MongoDB repository interfaces.
2026-05-19T19:08:09.829-07:00  INFO 24072 --- [ftehc] [           main] o.s.b.w.embedded.tomcat.TomcatWebServer  : Tomcat initialized with port 8080 (http)
2026-05-19T19:08:09.838-07:00  INFO 24072 --- [ftehc] [           main] o.apache.catalina.core.StandardService   : Starting service [Tomcat]
2026-05-19T19:08:09.838-07:00  INFO 24072 --- [ftehc] [           main] o.apache.catalina.core.StandardEngine    : Starting Servlet engine: [Apache Tomcat/10.1.54]
2026-05-19T19:08:09.894-07:00  INFO 24072 --- [ftehc] [           main] o.a.c.c.C.[Tomcat].[localhost].[/]       : Initializing Spring embedded WebApplicationContext
2026-05-19T19:08:09.895-07:00  INFO 24072 --- [ftehc] [           main] w.s.c.ServletWebServerApplicationContext : Root WebApplicationContext: initialization completed in 1383 ms
2026-05-19T19:08:10.157-07:00  INFO 24072 --- [ftehc] [           main] org.mongodb.driver.client                : MongoClient with metadata {"driver": {"name": "mongo-java-driver|sync|spring-boot", "version": "5.5.2"}, "os": {"type": "Windows", "name": "Windows 11", "architecture": "amd64", "version": "10.0"}, "platform": "Java/Azul Systems, Inc./17.0.12+7-LTS"} created with settings MongoClientSettings{readPreference=primary, writeConcern=WriteConcern{w=null, wTimeout=null ms, journal=null}, retryWrites=true, retryReads=true, readConcern=ReadConcern{level=null}, credential=null, transportSettings=null, commandListeners=[io.micrometer.core.instrument.binder.mongodb.MongoMetricsCommandListener@5d1a859c], codecRegistry=ProvidersCodecRegistry{codecProviders=[ValueCodecProvider{}, BsonValueCodecProvider{}, DBRefCodecProvider{}, DBObjectCodecProvider{}, DocumentCodecProvider{}, CollectionCodecProvider{}, IterableCodecProvider{}, MapCodecProvider{}, GeoJsonCodecProvider{}, GridFSFileCodecProvider{}, Jsr310CodecProvider{}, JsonObjectCodecProvider{}, BsonCodecProvider{}, EnumCodecProvider{}, com.mongodb.client.model.mql.ExpressionCodecProvider@7bb4ed71, com.mongodb.Jep395RecordCodecProvider@5112b7, com.mongodb.KotlinCodecProvider@56835f2f]}, loggerSettings=LoggerSettings{maxDocumentLength=1000}, clusterSettings={hosts=[localhost:27017], srvServiceName=mongodb, mode=SINGLE, requiredClusterType=UNKNOWN, requiredReplicaSetName='null', serverSelector='null', clusterListeners='[]', serverSelectionTimeout='30000 ms', localThreshold='15 ms'}, socketSettings=SocketSettings{connectTimeoutMS=10000, readTimeoutMS=0, receiveBufferSize=0, proxySettings=ProxySettings{host=null, port=null, username=null, password=null}}, heartbeatSocketSettings=SocketSettings{connectTimeoutMS=10000, readTimeoutMS=10000, receiveBufferSize=0, proxySettings=ProxySettings{host=null, port=null, username=null, password=null}}, connectionPoolSettings=ConnectionPoolSettings{maxSize=100, minSize=0, maxWaitTimeMS=120000, maxConnectionLifeTimeMS=0, maxConnectionIdleTimeMS=0, maintenanceInitialDelayMS=0, maintenanceFrequencyMS=60000, connectionPoolListeners=[io.micrometer.core.instrument.binder.mongodb.MongoMetricsConnectionPoolListener@33627576], maxConnecting=2}, serverSettings=ServerSettings{heartbeatFrequencyMS=10000, minHeartbeatFrequencyMS=500, serverMonitoringMode=AUTO, serverListeners='[]', serverMonitorListeners='[]'}, sslSettings=SslSettings{enabled=false, invalidHostNameAllowed=false, context=null}, applicationName='null', compressorList=[], uuidRepresentation=JAVA_LEGACY, serverApi=null, autoEncryptionSettings=null, dnsClient=null, inetAddressResolver=null, contextProvider=null, timeoutMS=null}
2026-05-19T19:08:10.176-07:00  INFO 24072 --- [ftehc] [localhost:27017] org.mongodb.driver.cluster               : Monitor thread successfully connected to server with description ServerDescription{address=localhost:27017, type=STANDALONE, cryptd=false, state=CONNECTED, ok=true, minWireVersion=0, maxWireVersion=17, maxDocumentSize=16777216, logicalSessionTimeoutMinutes=30, roundTripTimeNanos=13761600, minRoundTripTimeNanos=0}
2026-05-19T19:08:10.985-07:00  INFO 24072 --- [ftehc] [           main] o.s.b.a.e.web.EndpointLinksResolver      : Exposing 2 endpoints beneath base path '/actuator'
2026-05-19T19:08:11.013-07:00  WARN 24072 --- [ftehc] [           main] .s.s.UserDetailsServiceAutoConfiguration : 

Using generated security password: d9bd946c-1f36-4b8a-82b1-4650b5e574ba

This generated password is for development use only. Your security configuration must be updated before running your application in production.

2026-05-19T19:08:11.020-07:00  INFO 24072 --- [ftehc] [           main] r$InitializeUserDetailsManagerConfigurer : Global AuthenticationManager configured with UserDetailsService bean with name inMemoryUserDetailsManager
2026-05-19T19:08:11.381-07:00  INFO 24072 --- [ftehc] [           main] o.s.b.w.embedded.tomcat.TomcatWebServer  : Tomcat started on port 8080 (http) with context path '/'
2026-05-19T19:08:11.395-07:00  INFO 24072 --- [ftehc] [           main] com.ftehc.ftehc.FtehcApplication         : Started FtehcApplication in 3.234 seconds (process running for 3.75)
2026-05-19T19:08:11.480-07:00  WARN 24072 --- [ftehc] [           main] o.s.core.events.SpringDocAppInitializer  : SpringDoc /v3/api-docs endpoint is enabled by default. To disable it in production, set the property 'springdoc.api-docs.enabled=false'
2026-05-19T19:08:11.481-07:00  WARN 24072 --- [ftehc] [           main] o.s.core.events.SpringDocAppInitializer  : SpringDoc /swagger-ui.html endpoint is enabled by default. To disable it in production, set the property 'springdoc.swagger-ui.enabled=false'
2026-05-19T19:09:31.768-07:00  INFO 24072 --- [ftehc] [nio-8080-exec-1] o.a.c.c.C.[Tomcat].[localhost].[/]       : Initializing Spring DispatcherServlet 'dispatcherServlet'
2026-05-19T19:09:31.768-07:00  INFO 24072 --- [ftehc] [nio-8080-exec-1] o.s.web.servlet.DispatcherServlet        : Initializing Servlet 'dispatcherServlet'
2026-05-19T19:09:31.770-07:00  INFO 24072 --- [ftehc] [nio-8080-exec-1] o.s.web.servlet.DispatcherServlet        : Completed initialization in 2 ms
[INFO] ------------------------------------------------------------------------
[INFO] BUILD FAILURE
[INFO] ------------------------------------------------------------------------
[INFO] Total time:  13:42 min
[INFO] Finished at: 2026-05-19T19:21:25-07:00
[INFO] ------------------------------------------------------------------------
[ERROR] Failed to execute goal org.springframework.boot:spring-boot-maven-plugin:3.5.14:run (default-cli) on project ftehc: Process terminated with exit code: -1 -> [Help 1]
[ERROR] 
[ERROR] To see the full stack trace of the errors, re-run Maven with the -e switch.
[ERROR] Re-run Maven using the -X switch to enable full debug logging.
[ERROR] 
[ERROR] For more information about the errors and possible solutions, please read the following articles:
[ERROR] [Help 1] http://cwiki.apache.org/confluence/display/MAVEN/MojoExecutionException
[INFO] Scanning for projects...
[INFO] 
[INFO] --------------------------< com.ftehc:ftehc >---------------------------
[INFO] Building  0.0.1-SNAPSHOT
[INFO]   from pom.xml
[INFO] --------------------------------[ jar ]---------------------------------
[INFO] 
[INFO] >>> spring-boot:3.5.14:run (default-cli) > test-compile @ ftehc >>>
[WARNING] The POM for org.springdoc:springdoc-openapi-starter-webmvc-ui:jar:2.8.16 is invalid, transitive dependencies (if any) will not be available: 1 problem was encountered while building the effective model for org.springdoc:springdoc-openapi-starter-webmvc-ui:2.8.16
[FATAL] The parents form a cycle: org.springdoc:springdoc-openapi-starter-webmvc-ui:2.8.16 -> org.springframework.boot:spring-boot-starter-parent:3.5.11 -> org.springframework.boot:spring-boot-dependencies:3.5.11 -> org.springframework.boot:spring-boot-starter-parent:3.5.11 @ com.expd.worker:script-log-consumer-worker project:3.5.11

[WARNING] The POM for org.springdoc:springdoc-openapi-starter-webmvc-api:jar:2.8.16 is invalid, transitive dependencies (if any) will not be available: 1 problem was encountered while building the effective model for org.springdoc:springdoc-openapi-starter-webmvc-api:2.8.16
[FATAL] The parents form a cycle: org.springdoc:springdoc-openapi-starter-webmvc-api:2.8.16 -> org.springframework.boot:spring-boot-starter-parent:3.5.11 -> org.springframework.boot:spring-boot-dependencies:3.5.11 -> org.springframework.boot:spring-boot-starter-parent:3.5.11 @ com.expd.worker:script-log-consumer-worker project:3.5.11

[WARNING] The POM for org.springdoc:springdoc-openapi-starter-common:jar:2.8.16 is invalid, transitive dependencies (if any) will not be available: 1 problem was encountered while building the effective model for org.springdoc:springdoc-openapi-starter-common:2.8.16
[FATAL] The parents form a cycle: org.springdoc:springdoc-openapi-starter-common:2.8.16 -> org.springframework.boot:spring-boot-starter-parent:3.5.11 -> org.springframework.boot:spring-boot-dependencies:3.5.11 -> org.springframework.boot:spring-boot-starter-parent:3.5.11 @ com.expd.worker:script-log-consumer-worker project:3.5.11

[INFO] 
[INFO] --- resources:3.3.1:resources (default-resources) @ ftehc ---
[INFO] Copying 3 resources from src\main\resources to target\classes
[INFO] Copying 0 resource from src\main\resources to target\classes
[INFO] 
[INFO] --- resources:3.3.1:copy-resources (copy-frontend-browser-dist) @ ftehc ---
[INFO] Copying 0 resource from client\dist\school-portal-frontend\browser to target\classes\static
[INFO] 
[INFO] --- compiler:3.14.1:compile (default-compile) @ ftehc ---
[INFO] Nothing to compile - all classes are up to date.
[INFO] 
[INFO] --- resources:3.3.1:testResources (default-testResources) @ ftehc ---
[INFO] skip non existing resourceDirectory C:\Users\chq-berehanet\DBKG\FTEHC-School\src\test\resources
[INFO] 
[INFO] --- compiler:3.14.1:testCompile (default-testCompile) @ ftehc ---
[INFO] Nothing to compile - all classes are up to date.
[INFO] 
[INFO] <<< spring-boot:3.5.14:run (default-cli) < test-compile @ ftehc <<<
[INFO] 
[INFO] 
[INFO] --- spring-boot:3.5.14:run (default-cli) @ ftehc ---
[INFO] Attaching agents: []

  .   ____          _            __ _ _
 /\\ / ___'_ __ _ _(_)_ __  __ _ \ \ \ \
( ( )\___ | '_ | '_| | '_ \/ _` | \ \ \ \
 \\/  ___)| |_)| | | | | || (_| |  ) ) ) )
  '  |____| .__|_| |_|_| |_\__, | / / / /
 =========|_|==============|___/=/_/_/_/

 :: Spring Boot ::               (v3.5.14)

2026-05-19T19:21:37.089-07:00  INFO 4372 --- [ftehc] [           main] com.ftehc.ftehc.FtehcApplication         : Starting FtehcApplication using Java 17.0.12 with PID 4372 (C:\Users\chq-berehanet\DBKG\FTEHC-School\target\classes started by chq-berehanet in C:\Users\chq-berehanet\DBKG\FTEHC-School)
2026-05-19T19:21:37.092-07:00  INFO 4372 --- [ftehc] [           main] com.ftehc.ftehc.FtehcApplication         : The following 1 profile is active: "local"
2026-05-19T19:21:37.991-07:00  INFO 4372 --- [ftehc] [           main] .s.d.r.c.RepositoryConfigurationDelegate : Bootstrapping Spring Data MongoDB repositories in DEFAULT mode.
2026-05-19T19:21:38.064-07:00  INFO 4372 --- [ftehc] [           main] .s.d.r.c.RepositoryConfigurationDelegate : Finished Spring Data repository scanning in 69 ms. Found 14 MongoDB repository interfaces.
2026-05-19T19:21:38.531-07:00  INFO 4372 --- [ftehc] [           main] o.s.b.w.embedded.tomcat.TomcatWebServer  : Tomcat initialized with port 8080 (http)
2026-05-19T19:21:38.541-07:00  INFO 4372 --- [ftehc] [           main] o.apache.catalina.core.StandardService   : Starting service [Tomcat]
2026-05-19T19:21:38.541-07:00  INFO 4372 --- [ftehc] [           main] o.apache.catalina.core.StandardEngine    : Starting Servlet engine: [Apache Tomcat/10.1.54]
2026-05-19T19:21:38.610-07:00  INFO 4372 --- [ftehc] [           main] o.a.c.c.C.[Tomcat].[localhost].[/]       : Initializing Spring embedded WebApplicationContext
2026-05-19T19:21:38.611-07:00  INFO 4372 --- [ftehc] [           main] w.s.c.ServletWebServerApplicationContext : Root WebApplicationContext: initialization completed in 1485 ms
2026-05-19T19:21:38.929-07:00  INFO 4372 --- [ftehc] [           main] org.mongodb.driver.client                : MongoClient with metadata {"driver": {"name": "mongo-java-driver|sync|spring-boot", "version": "5.5.2"}, "os": {"type": "Windows", "name": "Windows 11", "architecture": "amd64", "version": "10.0"}, "platform": "Java/Azul Systems, Inc./17.0.12+7-LTS"} created with settings MongoClientSettings{readPreference=primary, writeConcern=WriteConcern{w=null, wTimeout=null ms, journal=null}, retryWrites=true, retryReads=true, readConcern=ReadConcern{level=null}, credential=null, transportSettings=null, commandListeners=[io.micrometer.core.instrument.binder.mongodb.MongoMetricsCommandListener@28554ac8], codecRegistry=ProvidersCodecRegistry{codecProviders=[ValueCodecProvider{}, BsonValueCodecProvider{}, DBRefCodecProvider{}, DBObjectCodecProvider{}, DocumentCodecProvider{}, CollectionCodecProvider{}, IterableCodecProvider{}, MapCodecProvider{}, GeoJsonCodecProvider{}, GridFSFileCodecProvider{}, Jsr310CodecProvider{}, JsonObjectCodecProvider{}, BsonCodecProvider{}, EnumCodecProvider{}, com.mongodb.client.model.mql.ExpressionCodecProvider@1c72189f, com.mongodb.Jep395RecordCodecProvider@14be750c, com.mongodb.KotlinCodecProvider@58882a93]}, loggerSettings=LoggerSettings{maxDocumentLength=1000}, clusterSettings={hosts=[localhost:27017], srvServiceName=mongodb, mode=SINGLE, requiredClusterType=UNKNOWN, requiredReplicaSetName='null', serverSelector='null', clusterListeners='[]', serverSelectionTimeout='30000 ms', localThreshold='15 ms'}, socketSettings=SocketSettings{connectTimeoutMS=10000, readTimeoutMS=0, receiveBufferSize=0, proxySettings=ProxySettings{host=null, port=null, username=null, password=null}}, heartbeatSocketSettings=SocketSettings{connectTimeoutMS=10000, readTimeoutMS=10000, receiveBufferSize=0, proxySettings=ProxySettings{host=null, port=null, username=null, password=null}}, connectionPoolSettings=ConnectionPoolSettings{maxSize=100, minSize=0, maxWaitTimeMS=120000, maxConnectionLifeTimeMS=0, maxConnectionIdleTimeMS=0, maintenanceInitialDelayMS=0, maintenanceFrequencyMS=60000, connectionPoolListeners=[io.micrometer.core.instrument.binder.mongodb.MongoMetricsConnectionPoolListener@27bc1d44], maxConnecting=2}, serverSettings=ServerSettings{heartbeatFrequencyMS=10000, minHeartbeatFrequencyMS=500, serverMonitoringMode=AUTO, serverListeners='[]', serverMonitorListeners='[]'}, sslSettings=SslSettings{enabled=false, invalidHostNameAllowed=false, context=null}, applicationName='null', compressorList=[], uuidRepresentation=JAVA_LEGACY, serverApi=null, autoEncryptionSettings=null, dnsClient=null, inetAddressResolver=null, contextProvider=null, timeoutMS=null}
2026-05-19T19:21:38.949-07:00  INFO 4372 --- [ftehc] [localhost:27017] org.mongodb.driver.cluster               : Monitor thread successfully connected to server with description ServerDescription{address=localhost:27017, type=STANDALONE, cryptd=false, state=CONNECTED, ok=true, minWireVersion=0, maxWireVersion=17, maxDocumentSize=16777216, logicalSessionTimeoutMinutes=30, roundTripTimeNanos=15379700, minRoundTripTimeNanos=0}
2026-05-19T19:21:39.832-07:00  INFO 4372 --- [ftehc] [           main] o.s.b.a.e.web.EndpointLinksResolver      : Exposing 2 endpoints beneath base path '/actuator'
2026-05-19T19:21:39.874-07:00  WARN 4372 --- [ftehc] [           main] .s.s.UserDetailsServiceAutoConfiguration : 

Using generated security password: 9d0ac0fb-e5ea-473c-bb85-837aabeb472c

This generated password is for development use only. Your security configuration must be updated before running your application in production.

2026-05-19T19:21:39.883-07:00  INFO 4372 --- [ftehc] [           main] r$InitializeUserDetailsManagerConfigurer : Global AuthenticationManager configured with UserDetailsService bean with name inMemoryUserDetailsManager
2026-05-19T19:21:40.299-07:00  INFO 4372 --- [ftehc] [           main] o.s.b.w.embedded.tomcat.TomcatWebServer  : Tomcat started on port 8080 (http) with context path '/'
2026-05-19T19:21:40.314-07:00  INFO 4372 --- [ftehc] [           main] com.ftehc.ftehc.FtehcApplication         : Started FtehcApplication in 3.551 seconds (process running for 4.134)
2026-05-19T19:21:40.413-07:00  WARN 4372 --- [ftehc] [           main] o.s.core.events.SpringDocAppInitializer  : SpringDoc /v3/api-docs endpoint is enabled by default. To disable it in production, set the property 'springdoc.api-docs.enabled=false'
2026-05-19T19:21:40.415-07:00  WARN 4372 --- [ftehc] [           main] o.s.core.events.SpringDocAppInitializer  : SpringDoc /swagger-ui.html endpoint is enabled by default. To disable it in production, set the property 'springdoc.swagger-ui.enabled=false'
2026-05-19T19:21:41.476-07:00  INFO 4372 --- [ftehc] [nio-8080-exec-1] o.a.c.c.C.[Tomcat].[localhost].[/]       : Initializing Spring DispatcherServlet 'dispatcherServlet'
2026-05-19T19:21:41.476-07:00  INFO 4372 --- [ftehc] [nio-8080-exec-1] o.s.web.servlet.DispatcherServlet        : Initializing Servlet 'dispatcherServlet'
2026-05-19T19:21:41.477-07:00  INFO 4372 --- [ftehc] [nio-8080-exec-1] o.s.web.servlet.DispatcherServlet        : Completed initialization in 1 ms
[INFO] ------------------------------------------------------------------------
[INFO] BUILD FAILURE
[INFO] ------------------------------------------------------------------------
[INFO] Total time:  12:47 min
[INFO] Finished at: 2026-05-19T19:34:20-07:00
[INFO] ------------------------------------------------------------------------
[ERROR] Failed to execute goal org.springframework.boot:spring-boot-maven-plugin:3.5.14:run (default-cli) on project ftehc: Process terminated with exit code: -1 -> [Help 1]
[ERROR] 
[ERROR] To see the full stack trace of the errors, re-run Maven with the -e switch.
[ERROR] Re-run Maven using the -X switch to enable full debug logging.
[ERROR] 
[ERROR] For more information about the errors and possible solutions, please read the following articles:
[ERROR] [Help 1] http://cwiki.apache.org/confluence/display/MAVEN/MojoExecutionException
[INFO] Scanning for projects...
[INFO] 
[INFO] --------------------------< com.ftehc:ftehc >---------------------------
[INFO] Building  0.0.1-SNAPSHOT
[INFO]   from pom.xml
[INFO] --------------------------------[ jar ]---------------------------------
[INFO] 
[INFO] >>> spring-boot:3.5.14:run (default-cli) > test-compile @ ftehc >>>
[WARNING] The POM for org.springdoc:springdoc-openapi-starter-webmvc-ui:jar:2.8.16 is invalid, transitive dependencies (if any) will not be available: 1 problem was encountered while building the effective model for org.springdoc:springdoc-openapi-starter-webmvc-ui:2.8.16
[FATAL] The parents form a cycle: org.springdoc:springdoc-openapi-starter-webmvc-ui:2.8.16 -> org.springframework.boot:spring-boot-starter-parent:3.5.11 -> org.springframework.boot:spring-boot-dependencies:3.5.11 -> org.springframework.boot:spring-boot-starter-parent:3.5.11 @ com.expd.worker:script-log-consumer-worker project:3.5.11

[WARNING] The POM for org.springdoc:springdoc-openapi-starter-webmvc-api:jar:2.8.16 is invalid, transitive dependencies (if any) will not be available: 1 problem was encountered while building the effective model for org.springdoc:springdoc-openapi-starter-webmvc-api:2.8.16
[FATAL] The parents form a cycle: org.springdoc:springdoc-openapi-starter-webmvc-api:2.8.16 -> org.springframework.boot:spring-boot-starter-parent:3.5.11 -> org.springframework.boot:spring-boot-dependencies:3.5.11 -> org.springframework.boot:spring-boot-starter-parent:3.5.11 @ com.expd.worker:script-log-consumer-worker project:3.5.11

[WARNING] The POM for org.springdoc:springdoc-openapi-starter-common:jar:2.8.16 is invalid, transitive dependencies (if any) will not be available: 1 problem was encountered while building the effective model for org.springdoc:springdoc-openapi-starter-common:2.8.16
[FATAL] The parents form a cycle: org.springdoc:springdoc-openapi-starter-common:2.8.16 -> org.springframework.boot:spring-boot-starter-parent:3.5.11 -> org.springframework.boot:spring-boot-dependencies:3.5.11 -> org.springframework.boot:spring-boot-starter-parent:3.5.11 @ com.expd.worker:script-log-consumer-worker project:3.5.11

[INFO] 
[INFO] --- resources:3.3.1:resources (default-resources) @ ftehc ---
[INFO] Copying 3 resources from src\main\resources to target\classes
[INFO] Copying 0 resource from src\main\resources to target\classes
[INFO] 
[INFO] --- resources:3.3.1:copy-resources (copy-frontend-browser-dist) @ ftehc ---
[INFO] Copying 62 resources from client\dist\school-portal-frontend\browser to target\classes\static
[INFO] 
[INFO] --- compiler:3.14.1:compile (default-compile) @ ftehc ---
[INFO] Nothing to compile - all classes are up to date.
[INFO] 
[INFO] --- resources:3.3.1:testResources (default-testResources) @ ftehc ---
[INFO] skip non existing resourceDirectory C:\Users\chq-berehanet\DBKG\FTEHC-School\src\test\resources
[INFO] 
[INFO] --- compiler:3.14.1:testCompile (default-testCompile) @ ftehc ---
[INFO] Nothing to compile - all classes are up to date.
[INFO] 
[INFO] <<< spring-boot:3.5.14:run (default-cli) < test-compile @ ftehc <<<
[INFO] 
[INFO] 
[INFO] --- spring-boot:3.5.14:run (default-cli) @ ftehc ---
[INFO] Attaching agents: []

  .   ____          _            __ _ _
 /\\ / ___'_ __ _ _(_)_ __  __ _ \ \ \ \
( ( )\___ | '_ | '_| | '_ \/ _` | \ \ \ \
 \\/  ___)| |_)| | | | | || (_| |  ) ) ) )
  '  |____| .__|_| |_|_| |_\__, | / / / /
 =========|_|==============|___/=/_/_/_/

 :: Spring Boot ::               (v3.5.14)

2026-05-19T19:34:43.111-07:00  INFO 25168 --- [ftehc] [           main] com.ftehc.ftehc.FtehcApplication         : Starting FtehcApplication using Java 17.0.12 with PID 25168 (C:\Users\chq-berehanet\DBKG\FTEHC-School\target\classes started by chq-berehanet in C:\Users\chq-berehanet\DBKG\FTEHC-School)
2026-05-19T19:34:43.113-07:00  INFO 25168 --- [ftehc] [           main] com.ftehc.ftehc.FtehcApplication         : The following 1 profile is active: "local"
2026-05-19T19:34:44.028-07:00  INFO 25168 --- [ftehc] [           main] .s.d.r.c.RepositoryConfigurationDelegate : Bootstrapping Spring Data MongoDB repositories in DEFAULT mode.
2026-05-19T19:34:44.096-07:00  INFO 25168 --- [ftehc] [           main] .s.d.r.c.RepositoryConfigurationDelegate : Finished Spring Data repository scanning in 63 ms. Found 14 MongoDB repository interfaces.
2026-05-19T19:34:44.562-07:00  INFO 25168 --- [ftehc] [           main] o.s.b.w.embedded.tomcat.TomcatWebServer  : Tomcat initialized with port 8080 (http)
2026-05-19T19:34:44.571-07:00  INFO 25168 --- [ftehc] [           main] o.apache.catalina.core.StandardService   : Starting service [Tomcat]
2026-05-19T19:34:44.572-07:00  INFO 25168 --- [ftehc] [           main] o.apache.catalina.core.StandardEngine    : Starting Servlet engine: [Apache Tomcat/10.1.54]
2026-05-19T19:34:44.635-07:00  INFO 25168 --- [ftehc] [           main] o.a.c.c.C.[Tomcat].[localhost].[/]       : Initializing Spring embedded WebApplicationContext
2026-05-19T19:34:44.635-07:00  INFO 25168 --- [ftehc] [           main] w.s.c.ServletWebServerApplicationContext : Root WebApplicationContext: initialization completed in 1492 ms
2026-05-19T19:34:44.916-07:00  INFO 25168 --- [ftehc] [           main] org.mongodb.driver.client                : MongoClient with metadata {"driver": {"name": "mongo-java-driver|sync|spring-boot", "version": "5.5.2"}, "os": {"type": "Windows", "name": "Windows 11", "architecture": "amd64", "version": "10.0"}, "platform": "Java/Azul Systems, Inc./17.0.12+7-LTS"} created with settings MongoClientSettings{readPreference=primary, writeConcern=WriteConcern{w=null, wTimeout=null ms, journal=null}, retryWrites=true, retryReads=true, readConcern=ReadConcern{level=null}, credential=null, transportSettings=null, commandListeners=[io.micrometer.core.instrument.binder.mongodb.MongoMetricsCommandListener@1c7cd434], codecRegistry=ProvidersCodecRegistry{codecProviders=[ValueCodecProvider{}, BsonValueCodecProvider{}, DBRefCodecProvider{}, DBObjectCodecProvider{}, DocumentCodecProvider{}, CollectionCodecProvider{}, IterableCodecProvider{}, MapCodecProvider{}, GeoJsonCodecProvider{}, GridFSFileCodecProvider{}, Jsr310CodecProvider{}, JsonObjectCodecProvider{}, BsonCodecProvider{}, EnumCodecProvider{}, com.mongodb.client.model.mql.ExpressionCodecProvider@39ace1a7, com.mongodb.Jep395RecordCodecProvider@1930a804, com.mongodb.KotlinCodecProvider@bd4ee01]}, loggerSettings=LoggerSettings{maxDocumentLength=1000}, clusterSettings={hosts=[localhost:27017], srvServiceName=mongodb, mode=SINGLE, requiredClusterType=UNKNOWN, requiredReplicaSetName='null', serverSelector='null', clusterListeners='[]', serverSelectionTimeout='30000 ms', localThreshold='15 ms'}, socketSettings=SocketSettings{connectTimeoutMS=10000, readTimeoutMS=0, receiveBufferSize=0, proxySettings=ProxySettings{host=null, port=null, username=null, password=null}}, heartbeatSocketSettings=SocketSettings{connectTimeoutMS=10000, readTimeoutMS=10000, receiveBufferSize=0, proxySettings=ProxySettings{host=null, port=null, username=null, password=null}}, connectionPoolSettings=ConnectionPoolSettings{maxSize=100, minSize=0, maxWaitTimeMS=120000, maxConnectionLifeTimeMS=0, maxConnectionIdleTimeMS=0, maintenanceInitialDelayMS=0, maintenanceFrequencyMS=60000, connectionPoolListeners=[io.micrometer.core.instrument.binder.mongodb.MongoMetricsConnectionPoolListener@2dcd0e41], maxConnecting=2}, serverSettings=ServerSettings{heartbeatFrequencyMS=10000, minHeartbeatFrequencyMS=500, serverMonitoringMode=AUTO, serverListeners='[]', serverMonitorListeners='[]'}, sslSettings=SslSettings{enabled=false, invalidHostNameAllowed=false, context=null}, applicationName='null', compressorList=[], uuidRepresentation=JAVA_LEGACY, serverApi=null, autoEncryptionSettings=null, dnsClient=null, inetAddressResolver=null, contextProvider=null, timeoutMS=null}
2026-05-19T19:34:44.935-07:00  INFO 25168 --- [ftehc] [localhost:27017] org.mongodb.driver.cluster               : Monitor thread successfully connected to server with description ServerDescription{address=localhost:27017, type=STANDALONE, cryptd=false, state=CONNECTED, ok=true, minWireVersion=0, maxWireVersion=17, maxDocumentSize=16777216, logicalSessionTimeoutMinutes=30, roundTripTimeNanos=14037500, minRoundTripTimeNanos=0}
2026-05-19T19:34:45.482-07:00  INFO 25168 --- [ftehc] [           main] o.s.b.a.w.s.WelcomePageHandlerMapping    : Adding welcome page: class path resource [static/index.html]
2026-05-19T19:34:45.704-07:00  INFO 25168 --- [ftehc] [           main] o.s.b.a.e.web.EndpointLinksResolver      : Exposing 2 endpoints beneath base path '/actuator'
2026-05-19T19:34:45.735-07:00  WARN 25168 --- [ftehc] [           main] .s.s.UserDetailsServiceAutoConfiguration : 

Using generated security password: f97d0437-fb79-4e01-b4dc-7ec8e7f243b5

This generated password is for development use only. Your security configuration must be updated before running your application in production.

2026-05-19T19:34:45.741-07:00  INFO 25168 --- [ftehc] [           main] r$InitializeUserDetailsManagerConfigurer : Global AuthenticationManager configured with UserDetailsService bean with name inMemoryUserDetailsManager
2026-05-19T19:34:46.094-07:00  INFO 25168 --- [ftehc] [           main] o.s.b.w.embedded.tomcat.TomcatWebServer  : Tomcat started on port 8080 (http) with context path '/'
2026-05-19T19:34:46.108-07:00  INFO 25168 --- [ftehc] [           main] com.ftehc.ftehc.FtehcApplication         : Started FtehcApplication in 3.306 seconds (process running for 3.871)
2026-05-19T19:34:46.193-07:00  WARN 25168 --- [ftehc] [           main] o.s.core.events.SpringDocAppInitializer  : SpringDoc /v3/api-docs endpoint is enabled by default. To disable it in production, set the property 'springdoc.api-docs.enabled=false'
2026-05-19T19:34:46.194-07:00  WARN 25168 --- [ftehc] [           main] o.s.core.events.SpringDocAppInitializer  : SpringDoc /swagger-ui.html endpoint is enabled by default. To disable it in production, set the property 'springdoc.swagger-ui.enabled=false'
2026-05-19T19:34:47.777-07:00  INFO 25168 --- [ftehc] [nio-8080-exec-1] o.a.c.c.C.[Tomcat].[localhost].[/]       : Initializing Spring DispatcherServlet 'dispatcherServlet'
2026-05-19T19:34:47.777-07:00  INFO 25168 --- [ftehc] [nio-8080-exec-1] o.s.web.servlet.DispatcherServlet        : Initializing Servlet 'dispatcherServlet'
2026-05-19T19:34:47.778-07:00  INFO 25168 --- [ftehc] [nio-8080-exec-1] o.s.web.servlet.DispatcherServlet        : Completed initialization in 1 ms
[INFO] Scanning for projects...
[INFO] 
[INFO] --------------------------< com.ftehc:ftehc >---------------------------
[INFO] Building  0.0.1-SNAPSHOT
[INFO]   from pom.xml
[INFO] --------------------------------[ jar ]---------------------------------
[INFO] 
[INFO] >>> spring-boot:3.5.14:run (default-cli) > test-compile @ ftehc >>>
[WARNING] The POM for org.springdoc:springdoc-openapi-starter-webmvc-ui:jar:2.8.16 is invalid, transitive dependencies (if any) will not be available: 1 problem was encountered while building the effective model for org.springdoc:springdoc-openapi-starter-webmvc-ui:2.8.16
[FATAL] The parents form a cycle: org.springdoc:springdoc-openapi-starter-webmvc-ui:2.8.16 -> org.springframework.boot:spring-boot-starter-parent:3.5.11 -> org.springframework.boot:spring-boot-dependencies:3.5.11 -> org.springframework.boot:spring-boot-starter-parent:3.5.11 @ com.expd.worker:script-log-consumer-worker project:3.5.11

[WARNING] The POM for org.springdoc:springdoc-openapi-starter-webmvc-api:jar:2.8.16 is invalid, transitive dependencies (if any) will not be available: 1 problem was encountered while building the effective model for org.springdoc:springdoc-openapi-starter-webmvc-api:2.8.16
[FATAL] The parents form a cycle: org.springdoc:springdoc-openapi-starter-webmvc-api:2.8.16 -> org.springframework.boot:spring-boot-starter-parent:3.5.11 -> org.springframework.boot:spring-boot-dependencies:3.5.11 -> org.springframework.boot:spring-boot-starter-parent:3.5.11 @ com.expd.worker:script-log-consumer-worker project:3.5.11

[WARNING] The POM for org.springdoc:springdoc-openapi-starter-common:jar:2.8.16 is invalid, transitive dependencies (if any) will not be available: 1 problem was encountered while building the effective model for org.springdoc:springdoc-openapi-starter-common:2.8.16
[FATAL] The parents form a cycle: org.springdoc:springdoc-openapi-starter-common:2.8.16 -> org.springframework.boot:spring-boot-starter-parent:3.5.11 -> org.springframework.boot:spring-boot-dependencies:3.5.11 -> org.springframework.boot:spring-boot-starter-parent:3.5.11 @ com.expd.worker:script-log-consumer-worker project:3.5.11

[INFO] 
[INFO] --- resources:3.3.1:resources (default-resources) @ ftehc ---
[INFO] Copying 3 resources from src\main\resources to target\classes
[INFO] Copying 0 resource from src\main\resources to target\classes
[INFO] 
[INFO] --- resources:3.3.1:copy-resources (copy-frontend-browser-dist) @ ftehc ---
[INFO] Copying 62 resources from client\dist\school-portal-frontend\browser to target\classes\static
[INFO] 
[INFO] --- compiler:3.14.1:compile (default-compile) @ ftehc ---
[INFO] Recompiling the module because of changed source code.
[INFO] Compiling 67 source files with javac [debug parameters release 17] to target\classes
[INFO] 
[INFO] --- resources:3.3.1:testResources (default-testResources) @ ftehc ---
[INFO] skip non existing resourceDirectory C:\Users\chq-berehanet\DBKG\FTEHC-School\src\test\resources
[INFO] 
[INFO] --- compiler:3.14.1:testCompile (default-testCompile) @ ftehc ---
[INFO] Recompiling the module because of changed dependency.
[INFO] Compiling 2 source files with javac [debug parameters release 17] to target\test-classes
[INFO] 
[INFO] <<< spring-boot:3.5.14:run (default-cli) < test-compile @ ftehc <<<
[INFO] 
[INFO] 
[INFO] --- spring-boot:3.5.14:run (default-cli) @ ftehc ---
[INFO] Attaching agents: []

  .   ____          _            __ _ _
 /\\ / ___'_ __ _ _(_)_ __  __ _ \ \ \ \
( ( )\___ | '_ | '_| | '_ \/ _` | \ \ \ \
 \\/  ___)| |_)| | | | | || (_| |  ) ) ) )
  '  |____| .__|_| |_|_| |_\__, | / / / /
 =========|_|==============|___/=/_/_/_/

 :: Spring Boot ::               (v3.5.14)

2026-05-19T19:58:28.328-07:00  INFO 25492 --- [ftehc] [           main] com.ftehc.ftehc.FtehcApplication         : Starting FtehcApplication using Java 17.0.12 with PID 25492 (C:\Users\chq-berehanet\DBKG\FTEHC-School\target\classes started by chq-berehanet in C:\Users\chq-berehanet\DBKG\FTEHC-School)
2026-05-19T19:58:28.333-07:00  INFO 25492 --- [ftehc] [           main] com.ftehc.ftehc.FtehcApplication         : The following 1 profile is active: "local"
2026-05-19T19:58:29.217-07:00  INFO 25492 --- [ftehc] [           main] .s.d.r.c.RepositoryConfigurationDelegate : Bootstrapping Spring Data MongoDB repositories in DEFAULT mode.
2026-05-19T19:58:29.282-07:00  INFO 25492 --- [ftehc] [           main] .s.d.r.c.RepositoryConfigurationDelegate : Finished Spring Data repository scanning in 60 ms. Found 14 MongoDB repository interfaces.
2026-05-19T19:58:29.720-07:00  INFO 25492 --- [ftehc] [           main] o.s.b.w.embedded.tomcat.TomcatWebServer  : Tomcat initialized with port 8080 (http)
2026-05-19T19:58:29.729-07:00  INFO 25492 --- [ftehc] [           main] o.apache.catalina.core.StandardService   : Starting service [Tomcat]
2026-05-19T19:58:29.729-07:00  INFO 25492 --- [ftehc] [           main] o.apache.catalina.core.StandardEngine    : Starting Servlet engine: [Apache Tomcat/10.1.54]
2026-05-19T19:58:29.788-07:00  INFO 25492 --- [ftehc] [           main] o.a.c.c.C.[Tomcat].[localhost].[/]       : Initializing Spring embedded WebApplicationContext
2026-05-19T19:58:29.789-07:00  INFO 25492 --- [ftehc] [           main] w.s.c.ServletWebServerApplicationContext : Root WebApplicationContext: initialization completed in 1426 ms
2026-05-19T19:58:30.067-07:00  INFO 25492 --- [ftehc] [           main] org.mongodb.driver.client                : MongoClient with metadata {"driver": {"name": "mongo-java-driver|sync|spring-boot", "version": "5.5.2"}, "os": {"type": "Windows", "name": "Windows 11", "architecture": "amd64", "version": "10.0"}, "platform": "Java/Azul Systems, Inc./17.0.12+7-LTS"} created with settings MongoClientSettings{readPreference=primary, writeConcern=WriteConcern{w=null, wTimeout=null ms, journal=null}, retryWrites=true, retryReads=true, readConcern=ReadConcern{level=null}, credential=null, transportSettings=null, commandListeners=[io.micrometer.core.instrument.binder.mongodb.MongoMetricsCommandListener@28554ac8], codecRegistry=ProvidersCodecRegistry{codecProviders=[ValueCodecProvider{}, BsonValueCodecProvider{}, DBRefCodecProvider{}, DBObjectCodecProvider{}, DocumentCodecProvider{}, CollectionCodecProvider{}, IterableCodecProvider{}, MapCodecProvider{}, GeoJsonCodecProvider{}, GridFSFileCodecProvider{}, Jsr310CodecProvider{}, JsonObjectCodecProvider{}, BsonCodecProvider{}, EnumCodecProvider{}, com.mongodb.client.model.mql.ExpressionCodecProvider@76af51d6, com.mongodb.Jep395RecordCodecProvider@39ace1a7, com.mongodb.KotlinCodecProvider@1930a804]}, loggerSettings=LoggerSettings{maxDocumentLength=1000}, clusterSettings={hosts=[localhost:27017], srvServiceName=mongodb, mode=SINGLE, requiredClusterType=UNKNOWN, requiredReplicaSetName='null', serverSelector='null', clusterListeners='[]', serverSelectionTimeout='30000 ms', localThreshold='15 ms'}, socketSettings=SocketSettings{connectTimeoutMS=10000, readTimeoutMS=0, receiveBufferSize=0, proxySettings=ProxySettings{host=null, port=null, username=null, password=null}}, heartbeatSocketSettings=SocketSettings{connectTimeoutMS=10000, readTimeoutMS=10000, receiveBufferSize=0, proxySettings=ProxySettings{host=null, port=null, username=null, password=null}}, connectionPoolSettings=ConnectionPoolSettings{maxSize=100, minSize=0, maxWaitTimeMS=120000, maxConnectionLifeTimeMS=0, maxConnectionIdleTimeMS=0, maintenanceInitialDelayMS=0, maintenanceFrequencyMS=60000, connectionPoolListeners=[io.micrometer.core.instrument.binder.mongodb.MongoMetricsConnectionPoolListener@27bc1d44], maxConnecting=2}, serverSettings=ServerSettings{heartbeatFrequencyMS=10000, minHeartbeatFrequencyMS=500, serverMonitoringMode=AUTO, serverListeners='[]', serverMonitorListeners='[]'}, sslSettings=SslSettings{enabled=false, invalidHostNameAllowed=false, context=null}, applicationName='null', compressorList=[], uuidRepresentation=JAVA_LEGACY, serverApi=null, autoEncryptionSettings=null, dnsClient=null, inetAddressResolver=null, contextProvider=null, timeoutMS=null}
2026-05-19T19:58:30.104-07:00  INFO 25492 --- [ftehc] [localhost:27017] org.mongodb.driver.cluster               : Monitor thread successfully connected to server with description ServerDescription{address=localhost:27017, type=STANDALONE, cryptd=false, state=CONNECTED, ok=true, minWireVersion=0, maxWireVersion=17, maxDocumentSize=16777216, logicalSessionTimeoutMinutes=30, roundTripTimeNanos=16383400, minRoundTripTimeNanos=0}
2026-05-19T19:58:30.635-07:00  INFO 25492 --- [ftehc] [           main] o.s.b.a.w.s.WelcomePageHandlerMapping    : Adding welcome page: class path resource [static/index.html]
2026-05-19T19:58:30.861-07:00  INFO 25492 --- [ftehc] [           main] o.s.b.a.e.web.EndpointLinksResolver      : Exposing 2 endpoints beneath base path '/actuator'
2026-05-19T19:58:30.901-07:00  WARN 25492 --- [ftehc] [           main] .s.s.UserDetailsServiceAutoConfiguration : 

Using generated security password: 49139848-ae33-44d5-b0ea-658b42c15a08

This generated password is for development use only. Your security configuration must be updated before running your application in production.

2026-05-19T19:58:30.907-07:00  INFO 25492 --- [ftehc] [           main] r$InitializeUserDetailsManagerConfigurer : Global AuthenticationManager configured with UserDetailsService bean with name inMemoryUserDetailsManager
2026-05-19T19:58:31.289-07:00  INFO 25492 --- [ftehc] [           main] o.s.b.w.embedded.tomcat.TomcatWebServer  : Tomcat started on port 8080 (http) with context path '/'
2026-05-19T19:58:31.303-07:00  INFO 25492 --- [ftehc] [           main] com.ftehc.ftehc.FtehcApplication         : Started FtehcApplication in 3.295 seconds (process running for 3.931)
2026-05-19T19:58:31.389-07:00  WARN 25492 --- [ftehc] [           main] o.s.core.events.SpringDocAppInitializer  : SpringDoc /v3/api-docs endpoint is enabled by default. To disable it in production, set the property 'springdoc.api-docs.enabled=false'
2026-05-19T19:58:31.390-07:00  WARN 25492 --- [ftehc] [           main] o.s.core.events.SpringDocAppInitializer  : SpringDoc /swagger-ui.html endpoint is enabled by default. To disable it in production, set the property 'springdoc.swagger-ui.enabled=false'
2026-05-19T19:58:31.607-07:00  INFO 25492 --- [ftehc] [nio-8080-exec-1] o.a.c.c.C.[Tomcat].[localhost].[/]       : Initializing Spring DispatcherServlet 'dispatcherServlet'
2026-05-19T19:58:31.608-07:00  INFO 25492 --- [ftehc] [nio-8080-exec-1] o.s.web.servlet.DispatcherServlet        : Initializing Servlet 'dispatcherServlet'
2026-05-19T19:58:31.612-07:00  INFO 25492 --- [ftehc] [nio-8080-exec-1] o.s.web.servlet.DispatcherServlet        : Completed initialization in 3 ms
[INFO] Scanning for projects...
[INFO] 
[INFO] --------------------------< com.ftehc:ftehc >---------------------------
[INFO] Building  0.0.1-SNAPSHOT
[INFO]   from pom.xml
[INFO] --------------------------------[ jar ]---------------------------------
[INFO] 
[INFO] >>> spring-boot:3.5.14:run (default-cli) > test-compile @ ftehc >>>
[WARNING] The POM for org.springdoc:springdoc-openapi-starter-webmvc-ui:jar:2.8.16 is invalid, transitive dependencies (if any) will not be available: 1 problem was encountered while building the effective model for org.springdoc:springdoc-openapi-starter-webmvc-ui:2.8.16
[FATAL] The parents form a cycle: org.springdoc:springdoc-openapi-starter-webmvc-ui:2.8.16 -> org.springframework.boot:spring-boot-starter-parent:3.5.11 -> org.springframework.boot:spring-boot-dependencies:3.5.11 -> org.springframework.boot:spring-boot-starter-parent:3.5.11 @ com.expd.worker:script-log-consumer-worker project:3.5.11

[WARNING] The POM for org.springdoc:springdoc-openapi-starter-webmvc-api:jar:2.8.16 is invalid, transitive dependencies (if any) will not be available: 1 problem was encountered while building the effective model for org.springdoc:springdoc-openapi-starter-webmvc-api:2.8.16
[FATAL] The parents form a cycle: org.springdoc:springdoc-openapi-starter-webmvc-api:2.8.16 -> org.springframework.boot:spring-boot-starter-parent:3.5.11 -> org.springframework.boot:spring-boot-dependencies:3.5.11 -> org.springframework.boot:spring-boot-starter-parent:3.5.11 @ com.expd.worker:script-log-consumer-worker project:3.5.11

[WARNING] The POM for org.springdoc:springdoc-openapi-starter-common:jar:2.8.16 is invalid, transitive dependencies (if any) will not be available: 1 problem was encountered while building the effective model for org.springdoc:springdoc-openapi-starter-common:2.8.16
[FATAL] The parents form a cycle: org.springdoc:springdoc-openapi-starter-common:2.8.16 -> org.springframework.boot:spring-boot-starter-parent:3.5.11 -> org.springframework.boot:spring-boot-dependencies:3.5.11 -> org.springframework.boot:spring-boot-starter-parent:3.5.11 @ com.expd.worker:script-log-consumer-worker project:3.5.11

[INFO] 
[INFO] --- resources:3.3.1:resources (default-resources) @ ftehc ---
[INFO] Copying 3 resources from src\main\resources to target\classes
[INFO] Copying 0 resource from src\main\resources to target\classes
[INFO] 
[INFO] --- resources:3.3.1:copy-resources (copy-frontend-browser-dist) @ ftehc ---
[INFO] Copying 62 resources from client\dist\school-portal-frontend\browser to target\classes\static
[INFO] 
[INFO] --- compiler:3.14.1:compile (default-compile) @ ftehc ---
[INFO] Nothing to compile - all classes are up to date.
[INFO] 
[INFO] --- resources:3.3.1:testResources (default-testResources) @ ftehc ---
[INFO] skip non existing resourceDirectory C:\Users\chq-berehanet\DBKG\FTEHC-School\src\test\resources
[INFO] 
[INFO] --- compiler:3.14.1:testCompile (default-testCompile) @ ftehc ---
[INFO] Nothing to compile - all classes are up to date.
[INFO] 
[INFO] <<< spring-boot:3.5.14:run (default-cli) < test-compile @ ftehc <<<
[INFO] 
[INFO] 
[INFO] --- spring-boot:3.5.14:run (default-cli) @ ftehc ---
[INFO] Attaching agents: []

  .   ____          _            __ _ _
 /\\ / ___'_ __ _ _(_)_ __  __ _ \ \ \ \
( ( )\___ | '_ | '_| | '_ \/ _` | \ \ \ \
 \\/  ___)| |_)| | | | | || (_| |  ) ) ) )
  '  |____| .__|_| |_|_| |_\__, | / / / /
 =========|_|==============|___/=/_/_/_/

 :: Spring Boot ::               (v3.5.14)

2026-05-19T20:22:37.796-07:00  INFO 27232 --- [ftehc] [           main] com.ftehc.ftehc.FtehcApplication         : Starting FtehcApplication using Java 17.0.12 with PID 27232 (C:\Users\chq-berehanet\DBKG\FTEHC-School\target\classes started by chq-berehanet in C:\Users\chq-berehanet\DBKG\FTEHC-School)
2026-05-19T20:22:37.798-07:00  INFO 27232 --- [ftehc] [           main] com.ftehc.ftehc.FtehcApplication         : The following 1 profile is active: "local"
2026-05-19T20:22:38.703-07:00  INFO 27232 --- [ftehc] [           main] .s.d.r.c.RepositoryConfigurationDelegate : Bootstrapping Spring Data MongoDB repositories in DEFAULT mode.
2026-05-19T20:22:38.775-07:00  INFO 27232 --- [ftehc] [           main] .s.d.r.c.RepositoryConfigurationDelegate : Finished Spring Data repository scanning in 60 ms. Found 14 MongoDB repository interfaces.
2026-05-19T20:22:39.218-07:00  INFO 27232 --- [ftehc] [           main] o.s.b.w.embedded.tomcat.TomcatWebServer  : Tomcat initialized with port 8080 (http)
2026-05-19T20:22:39.227-07:00  INFO 27232 --- [ftehc] [           main] o.apache.catalina.core.StandardService   : Starting service [Tomcat]
2026-05-19T20:22:39.227-07:00  INFO 27232 --- [ftehc] [           main] o.apache.catalina.core.StandardEngine    : Starting Servlet engine: [Apache Tomcat/10.1.54]
2026-05-19T20:22:39.288-07:00  INFO 27232 --- [ftehc] [           main] o.a.c.c.C.[Tomcat].[localhost].[/]       : Initializing Spring embedded WebApplicationContext
2026-05-19T20:22:39.289-07:00  INFO 27232 --- [ftehc] [           main] w.s.c.ServletWebServerApplicationContext : Root WebApplicationContext: initialization completed in 1462 ms
2026-05-19T20:22:39.594-07:00  INFO 27232 --- [ftehc] [           main] org.mongodb.driver.client                : MongoClient with metadata {"driver": {"name": "mongo-java-driver|sync|spring-boot", "version": "5.5.2"}, "os": {"type": "Windows", "name": "Windows 11", "architecture": "amd64", "version": "10.0"}, "platform": "Java/Azul Systems, Inc./17.0.12+7-LTS"} created with settings MongoClientSettings{readPreference=primary, writeConcern=WriteConcern{w=null, wTimeout=null ms, journal=null}, retryWrites=true, retryReads=true, readConcern=ReadConcern{level=null}, credential=null, transportSettings=null, commandListeners=[io.micrometer.core.instrument.binder.mongodb.MongoMetricsCommandListener@1c7cd434], codecRegistry=ProvidersCodecRegistry{codecProviders=[ValueCodecProvider{}, BsonValueCodecProvider{}, DBRefCodecProvider{}, DBObjectCodecProvider{}, DocumentCodecProvider{}, CollectionCodecProvider{}, IterableCodecProvider{}, MapCodecProvider{}, GeoJsonCodecProvider{}, GridFSFileCodecProvider{}, Jsr310CodecProvider{}, JsonObjectCodecProvider{}, BsonCodecProvider{}, EnumCodecProvider{}, com.mongodb.client.model.mql.ExpressionCodecProvider@27afbf14, com.mongodb.Jep395RecordCodecProvider@4cfcac13, com.mongodb.KotlinCodecProvider@5c25d0d1]}, loggerSettings=LoggerSettings{maxDocumentLength=1000}, clusterSettings={hosts=[localhost:27017], srvServiceName=mongodb, mode=SINGLE, requiredClusterType=UNKNOWN, requiredReplicaSetName='null', serverSelector='null', clusterListeners='[]', serverSelectionTimeout='30000 ms', localThreshold='15 ms'}, socketSettings=SocketSettings{connectTimeoutMS=10000, readTimeoutMS=0, receiveBufferSize=0, proxySettings=ProxySettings{host=null, port=null, username=null, password=null}}, heartbeatSocketSettings=SocketSettings{connectTimeoutMS=10000, readTimeoutMS=10000, receiveBufferSize=0, proxySettings=ProxySettings{host=null, port=null, username=null, password=null}}, connectionPoolSettings=ConnectionPoolSettings{maxSize=100, minSize=0, maxWaitTimeMS=120000, maxConnectionLifeTimeMS=0, maxConnectionIdleTimeMS=0, maintenanceInitialDelayMS=0, maintenanceFrequencyMS=60000, connectionPoolListeners=[io.micrometer.core.instrument.binder.mongodb.MongoMetricsConnectionPoolListener@2dcd0e41], maxConnecting=2}, serverSettings=ServerSettings{heartbeatFrequencyMS=10000, minHeartbeatFrequencyMS=500, serverMonitoringMode=AUTO, serverListeners='[]', serverMonitorListeners='[]'}, sslSettings=SslSettings{enabled=false, invalidHostNameAllowed=false, context=null}, applicationName='null', compressorList=[], uuidRepresentation=JAVA_LEGACY, serverApi=null, autoEncryptionSettings=null, dnsClient=null, inetAddressResolver=null, contextProvider=null, timeoutMS=null}
2026-05-19T20:22:39.632-07:00  INFO 27232 --- [ftehc] [localhost:27017] org.mongodb.driver.cluster               : Monitor thread successfully connected to server with description ServerDescription{address=localhost:27017, type=STANDALONE, cryptd=false, state=CONNECTED, ok=true, minWireVersion=0, maxWireVersion=17, maxDocumentSize=16777216, logicalSessionTimeoutMinutes=30, roundTripTimeNanos=17920200, minRoundTripTimeNanos=0}
2026-05-19T20:22:40.227-07:00  INFO 27232 --- [ftehc] [           main] o.s.b.a.w.s.WelcomePageHandlerMapping    : Adding welcome page: class path resource [static/index.html]
2026-05-19T20:22:40.495-07:00  INFO 27232 --- [ftehc] [           main] o.s.b.a.e.web.EndpointLinksResolver      : Exposing 2 endpoints beneath base path '/actuator'
2026-05-19T20:22:40.538-07:00  WARN 27232 --- [ftehc] [           main] .s.s.UserDetailsServiceAutoConfiguration : 

Using generated security password: 44677a9a-0220-4154-b006-2830cd21fbf4

This generated password is for development use only. Your security configuration must be updated before running your application in production.

2026-05-19T20:22:40.550-07:00  INFO 27232 --- [ftehc] [           main] r$InitializeUserDetailsManagerConfigurer : Global AuthenticationManager configured with UserDetailsService bean with name inMemoryUserDetailsManager
2026-05-19T20:22:40.993-07:00  INFO 27232 --- [ftehc] [           main] o.s.b.w.embedded.tomcat.TomcatWebServer  : Tomcat started on port 8080 (http) with context path '/'
2026-05-19T20:22:41.014-07:00  INFO 27232 --- [ftehc] [           main] com.ftehc.ftehc.FtehcApplication         : Started FtehcApplication in 3.533 seconds (process running for 4.204)
2026-05-19T20:22:41.088-07:00  INFO 27232 --- [ftehc] [nio-8080-exec-1] o.a.c.c.C.[Tomcat].[localhost].[/]       : Initializing Spring DispatcherServlet 'dispatcherServlet'
2026-05-19T20:22:41.088-07:00  INFO 27232 --- [ftehc] [nio-8080-exec-1] o.s.web.servlet.DispatcherServlet        : Initializing Servlet 'dispatcherServlet'
2026-05-19T20:22:41.090-07:00  INFO 27232 --- [ftehc] [nio-8080-exec-1] o.s.web.servlet.DispatcherServlet        : Completed initialization in 1 ms
2026-05-19T20:22:41.134-07:00  WARN 27232 --- [ftehc] [           main] o.s.core.events.SpringDocAppInitializer  : SpringDoc /v3/api-docs endpoint is enabled by default. To disable it in production, set the property 'springdoc.api-docs.enabled=false'
2026-05-19T20:22:41.135-07:00  WARN 27232 --- [ftehc] [           main] o.s.core.events.SpringDocAppInitializer  : SpringDoc /swagger-ui.html endpoint is enabled by default. To disable it in production, set the property 'springdoc.swagger-ui.enabled=false'
[INFO] Scanning for projects...
[INFO] 
[INFO] --------------------------< com.ftehc:ftehc >---------------------------
[INFO] Building  0.0.1-SNAPSHOT
[INFO]   from pom.xml
[INFO] --------------------------------[ jar ]---------------------------------
[INFO] 
[INFO] >>> spring-boot:3.5.14:run (default-cli) > test-compile @ ftehc >>>
[WARNING] The POM for org.springdoc:springdoc-openapi-starter-webmvc-ui:jar:2.8.16 is invalid, transitive dependencies (if any) will not be available: 1 problem was encountered while building the effective model for org.springdoc:springdoc-openapi-starter-webmvc-ui:2.8.16
[FATAL] The parents form a cycle: org.springdoc:springdoc-openapi-starter-webmvc-ui:2.8.16 -> org.springframework.boot:spring-boot-starter-parent:3.5.11 -> org.springframework.boot:spring-boot-dependencies:3.5.11 -> org.springframework.boot:spring-boot-starter-parent:3.5.11 @ com.expd.worker:script-log-consumer-worker project:3.5.11

[WARNING] The POM for org.springdoc:springdoc-openapi-starter-webmvc-api:jar:2.8.16 is invalid, transitive dependencies (if any) will not be available: 1 problem was encountered while building the effective model for org.springdoc:springdoc-openapi-starter-webmvc-api:2.8.16
[FATAL] The parents form a cycle: org.springdoc:springdoc-openapi-starter-webmvc-api:2.8.16 -> org.springframework.boot:spring-boot-starter-parent:3.5.11 -> org.springframework.boot:spring-boot-dependencies:3.5.11 -> org.springframework.boot:spring-boot-starter-parent:3.5.11 @ com.expd.worker:script-log-consumer-worker project:3.5.11

[WARNING] The POM for org.springdoc:springdoc-openapi-starter-common:jar:2.8.16 is invalid, transitive dependencies (if any) will not be available: 1 problem was encountered while building the effective model for org.springdoc:springdoc-openapi-starter-common:2.8.16
[FATAL] The parents form a cycle: org.springdoc:springdoc-openapi-starter-common:2.8.16 -> org.springframework.boot:spring-boot-starter-parent:3.5.11 -> org.springframework.boot:spring-boot-dependencies:3.5.11 -> org.springframework.boot:spring-boot-starter-parent:3.5.11 @ com.expd.worker:script-log-consumer-worker project:3.5.11

[INFO] 
[INFO] --- resources:3.3.1:resources (default-resources) @ ftehc ---
[INFO] Copying 3 resources from src\main\resources to target\classes
[INFO] Copying 0 resource from src\main\resources to target\classes
[INFO] 
[INFO] --- resources:3.3.1:copy-resources (copy-frontend-browser-dist) @ ftehc ---
[INFO] Copying 62 resources from client\dist\school-portal-frontend\browser to target\classes\static
[INFO] 
[INFO] --- compiler:3.14.1:compile (default-compile) @ ftehc ---
[INFO] Nothing to compile - all classes are up to date.
[INFO] 
[INFO] --- resources:3.3.1:testResources (default-testResources) @ ftehc ---
[INFO] skip non existing resourceDirectory C:\Users\chq-berehanet\DBKG\FTEHC-School\src\test\resources
[INFO] 
[INFO] --- compiler:3.14.1:testCompile (default-testCompile) @ ftehc ---
[INFO] Nothing to compile - all classes are up to date.
[INFO] 
[INFO] <<< spring-boot:3.5.14:run (default-cli) < test-compile @ ftehc <<<
[INFO] 
[INFO] 
[INFO] --- spring-boot:3.5.14:run (default-cli) @ ftehc ---
[INFO] Attaching agents: []

  .   ____          _            __ _ _
 /\\ / ___'_ __ _ _(_)_ __  __ _ \ \ \ \
( ( )\___ | '_ | '_| | '_ \/ _` | \ \ \ \
 \\/  ___)| |_)| | | | | || (_| |  ) ) ) )
  '  |____| .__|_| |_|_| |_\__, | / / / /
 =========|_|==============|___/=/_/_/_/

 :: Spring Boot ::               (v3.5.14)

2026-05-19T20:35:37.651-07:00  INFO 23664 --- [ftehc] [           main] com.ftehc.ftehc.FtehcApplication         : Starting FtehcApplication using Java 17.0.12 with PID 23664 (C:\Users\chq-berehanet\DBKG\FTEHC-School\target\classes started by chq-berehanet in C:\Users\chq-berehanet\DBKG\FTEHC-School)
2026-05-19T20:35:37.654-07:00  INFO 23664 --- [ftehc] [           main] com.ftehc.ftehc.FtehcApplication         : The following 1 profile is active: "local"
2026-05-19T20:35:38.659-07:00  INFO 23664 --- [ftehc] [           main] .s.d.r.c.RepositoryConfigurationDelegate : Bootstrapping Spring Data MongoDB repositories in DEFAULT mode.
2026-05-19T20:35:38.729-07:00  INFO 23664 --- [ftehc] [           main] .s.d.r.c.RepositoryConfigurationDelegate : Finished Spring Data repository scanning in 65 ms. Found 14 MongoDB repository interfaces.
2026-05-19T20:35:39.168-07:00  INFO 23664 --- [ftehc] [           main] o.s.b.w.embedded.tomcat.TomcatWebServer  : Tomcat initialized with port 8080 (http)
2026-05-19T20:35:39.178-07:00  INFO 23664 --- [ftehc] [           main] o.apache.catalina.core.StandardService   : Starting service [Tomcat]
2026-05-19T20:35:39.178-07:00  INFO 23664 --- [ftehc] [           main] o.apache.catalina.core.StandardEngine    : Starting Servlet engine: [Apache Tomcat/10.1.54]
2026-05-19T20:35:39.242-07:00  INFO 23664 --- [ftehc] [           main] o.a.c.c.C.[Tomcat].[localhost].[/]       : Initializing Spring embedded WebApplicationContext
2026-05-19T20:35:39.243-07:00  INFO 23664 --- [ftehc] [           main] w.s.c.ServletWebServerApplicationContext : Root WebApplicationContext: initialization completed in 1556 ms
2026-05-19T20:35:39.529-07:00  INFO 23664 --- [ftehc] [           main] org.mongodb.driver.client                : MongoClient with metadata {"driver": {"name": "mongo-java-driver|sync|spring-boot", "version": "5.5.2"}, "os": {"type": "Windows", "name": "Windows 11", "architecture": "amd64", "version": "10.0"}, "platform": "Java/Azul Systems, Inc./17.0.12+7-LTS"} created with settings MongoClientSettings{readPreference=primary, writeConcern=WriteConcern{w=null, wTimeout=null ms, journal=null}, retryWrites=true, retryReads=true, readConcern=ReadConcern{level=null}, credential=null, transportSettings=null, commandListeners=[io.micrometer.core.instrument.binder.mongodb.MongoMetricsCommandListener@65d9e72a], codecRegistry=ProvidersCodecRegistry{codecProviders=[ValueCodecProvider{}, BsonValueCodecProvider{}, DBRefCodecProvider{}, DBObjectCodecProvider{}, DocumentCodecProvider{}, CollectionCodecProvider{}, IterableCodecProvider{}, MapCodecProvider{}, GeoJsonCodecProvider{}, GridFSFileCodecProvider{}, Jsr310CodecProvider{}, JsonObjectCodecProvider{}, BsonCodecProvider{}, EnumCodecProvider{}, com.mongodb.client.model.mql.ExpressionCodecProvider@7f93f4c, com.mongodb.Jep395RecordCodecProvider@598657cd, com.mongodb.KotlinCodecProvider@456aa471]}, loggerSettings=LoggerSettings{maxDocumentLength=1000}, clusterSettings={hosts=[localhost:27017], srvServiceName=mongodb, mode=SINGLE, requiredClusterType=UNKNOWN, requiredReplicaSetName='null', serverSelector='null', clusterListeners='[]', serverSelectionTimeout='30000 ms', localThreshold='15 ms'}, socketSettings=SocketSettings{connectTimeoutMS=10000, readTimeoutMS=0, receiveBufferSize=0, proxySettings=ProxySettings{host=null, port=null, username=null, password=null}}, heartbeatSocketSettings=SocketSettings{connectTimeoutMS=10000, readTimeoutMS=10000, receiveBufferSize=0, proxySettings=ProxySettings{host=null, port=null, username=null, password=null}}, connectionPoolSettings=ConnectionPoolSettings{maxSize=100, minSize=0, maxWaitTimeMS=120000, maxConnectionLifeTimeMS=0, maxConnectionIdleTimeMS=0, maintenanceInitialDelayMS=0, maintenanceFrequencyMS=60000, connectionPoolListeners=[io.micrometer.core.instrument.binder.mongodb.MongoMetricsConnectionPoolListener@5940b14e], maxConnecting=2}, serverSettings=ServerSettings{heartbeatFrequencyMS=10000, minHeartbeatFrequencyMS=500, serverMonitoringMode=AUTO, serverListeners='[]', serverMonitorListeners='[]'}, sslSettings=SslSettings{enabled=false, invalidHostNameAllowed=false, context=null}, applicationName='null', compressorList=[], uuidRepresentation=JAVA_LEGACY, serverApi=null, autoEncryptionSettings=null, dnsClient=null, inetAddressResolver=null, contextProvider=null, timeoutMS=null}
2026-05-19T20:35:39.566-07:00  INFO 23664 --- [ftehc] [localhost:27017] org.mongodb.driver.cluster               : Monitor thread successfully connected to server with description ServerDescription{address=localhost:27017, type=STANDALONE, cryptd=false, state=CONNECTED, ok=true, minWireVersion=0, maxWireVersion=17, maxDocumentSize=16777216, logicalSessionTimeoutMinutes=30, roundTripTimeNanos=18131700, minRoundTripTimeNanos=0}
2026-05-19T20:35:40.123-07:00  INFO 23664 --- [ftehc] [           main] o.s.b.a.w.s.WelcomePageHandlerMapping    : Adding welcome page: class path resource [static/index.html]
2026-05-19T20:35:40.357-07:00  INFO 23664 --- [ftehc] [           main] o.s.b.a.e.web.EndpointLinksResolver      : Exposing 2 endpoints beneath base path '/actuator'
2026-05-19T20:35:40.394-07:00  WARN 23664 --- [ftehc] [           main] .s.s.UserDetailsServiceAutoConfiguration : 

Using generated security password: 5a0649c4-5f24-4a46-a906-4342322979f0

This generated password is for development use only. Your security configuration must be updated before running your application in production.

2026-05-19T20:35:40.410-07:00  INFO 23664 --- [ftehc] [           main] r$InitializeUserDetailsManagerConfigurer : Global AuthenticationManager configured with UserDetailsService bean with name inMemoryUserDetailsManager
2026-05-19T20:35:40.793-07:00  INFO 23664 --- [ftehc] [           main] o.s.b.w.embedded.tomcat.TomcatWebServer  : Tomcat started on port 8080 (http) with context path '/'
2026-05-19T20:35:40.812-07:00  INFO 23664 --- [ftehc] [           main] com.ftehc.ftehc.FtehcApplication         : Started FtehcApplication in 3.534 seconds (process running for 4.163)
2026-05-19T20:35:40.860-07:00  INFO 23664 --- [ftehc] [nio-8080-exec-2] o.a.c.c.C.[Tomcat].[localhost].[/]       : Initializing Spring DispatcherServlet 'dispatcherServlet'
2026-05-19T20:35:40.861-07:00  INFO 23664 --- [ftehc] [nio-8080-exec-2] o.s.web.servlet.DispatcherServlet        : Initializing Servlet 'dispatcherServlet'
2026-05-19T20:35:40.862-07:00  INFO 23664 --- [ftehc] [nio-8080-exec-2] o.s.web.servlet.DispatcherServlet        : Completed initialization in 1 ms
2026-05-19T20:35:40.929-07:00  WARN 23664 --- [ftehc] [           main] o.s.core.events.SpringDocAppInitializer  : SpringDoc /v3/api-docs endpoint is enabled by default. To disable it in production, set the property 'springdoc.api-docs.enabled=false'
2026-05-19T20:35:40.931-07:00  WARN 23664 --- [ftehc] [           main] o.s.core.events.SpringDocAppInitializer  : SpringDoc /swagger-ui.html endpoint is enabled by default. To disable it in production, set the property 'springdoc.swagger-ui.enabled=false'
[INFO] Scanning for projects...
[INFO] 
[INFO] --------------------------< com.ftehc:ftehc >---------------------------
[INFO] Building  0.0.1-SNAPSHOT
[INFO]   from pom.xml
[INFO] --------------------------------[ jar ]---------------------------------
[INFO] 
[INFO] >>> spring-boot:3.5.14:run (default-cli) > test-compile @ ftehc >>>
[WARNING] The POM for org.springdoc:springdoc-openapi-starter-webmvc-ui:jar:2.8.16 is invalid, transitive dependencies (if any) will not be available: 1 problem was encountered while building the effective model for org.springdoc:springdoc-openapi-starter-webmvc-ui:2.8.16
[FATAL] The parents form a cycle: org.springdoc:springdoc-openapi-starter-webmvc-ui:2.8.16 -> org.springframework.boot:spring-boot-starter-parent:3.5.11 -> org.springframework.boot:spring-boot-dependencies:3.5.11 -> org.springframework.boot:spring-boot-starter-parent:3.5.11 @ com.expd.worker:script-log-consumer-worker project:3.5.11

[WARNING] The POM for org.springdoc:springdoc-openapi-starter-webmvc-api:jar:2.8.16 is invalid, transitive dependencies (if any) will not be available: 1 problem was encountered while building the effective model for org.springdoc:springdoc-openapi-starter-webmvc-api:2.8.16
[FATAL] The parents form a cycle: org.springdoc:springdoc-openapi-starter-webmvc-api:2.8.16 -> org.springframework.boot:spring-boot-starter-parent:3.5.11 -> org.springframework.boot:spring-boot-dependencies:3.5.11 -> org.springframework.boot:spring-boot-starter-parent:3.5.11 @ com.expd.worker:script-log-consumer-worker project:3.5.11

[WARNING] The POM for org.springdoc:springdoc-openapi-starter-common:jar:2.8.16 is invalid, transitive dependencies (if any) will not be available: 1 problem was encountered while building the effective model for org.springdoc:springdoc-openapi-starter-common:2.8.16
[FATAL] The parents form a cycle: org.springdoc:springdoc-openapi-starter-common:2.8.16 -> org.springframework.boot:spring-boot-starter-parent:3.5.11 -> org.springframework.boot:spring-boot-dependencies:3.5.11 -> org.springframework.boot:spring-boot-starter-parent:3.5.11 @ com.expd.worker:script-log-consumer-worker project:3.5.11

[INFO] 
[INFO] --- resources:3.3.1:resources (default-resources) @ ftehc ---
[INFO] Copying 3 resources from src\main\resources to target\classes
[INFO] Copying 0 resource from src\main\resources to target\classes
[INFO] 
[INFO] --- resources:3.3.1:copy-resources (copy-frontend-browser-dist) @ ftehc ---
[INFO] Copying 62 resources from client\dist\school-portal-frontend\browser to target\classes\static
[INFO] 
[INFO] --- compiler:3.14.1:compile (default-compile) @ ftehc ---
[INFO] Nothing to compile - all classes are up to date.
[INFO] 
[INFO] --- resources:3.3.1:testResources (default-testResources) @ ftehc ---
[INFO] skip non existing resourceDirectory C:\Users\chq-berehanet\DBKG\FTEHC-School\src\test\resources
[INFO] 
[INFO] --- compiler:3.14.1:testCompile (default-testCompile) @ ftehc ---
[INFO] Nothing to compile - all classes are up to date.
[INFO] 
[INFO] <<< spring-boot:3.5.14:run (default-cli) < test-compile @ ftehc <<<
[INFO] 
[INFO] 
[INFO] --- spring-boot:3.5.14:run (default-cli) @ ftehc ---
[INFO] Attaching agents: []

  .   ____          _            __ _ _
 /\\ / ___'_ __ _ _(_)_ __  __ _ \ \ \ \
( ( )\___ | '_ | '_| | '_ \/ _` | \ \ \ \
 \\/  ___)| |_)| | | | | || (_| |  ) ) ) )
  '  |____| .__|_| |_|_| |_\__, | / / / /
 =========|_|==============|___/=/_/_/_/

 :: Spring Boot ::               (v3.5.14)

2026-05-19T20:48:05.794-07:00  INFO 24456 --- [ftehc] [           main] com.ftehc.ftehc.FtehcApplication         : Starting FtehcApplication using Java 17.0.12 with PID 24456 (C:\Users\chq-berehanet\DBKG\FTEHC-School\target\classes started by chq-berehanet in C:\Users\chq-berehanet\DBKG\FTEHC-School)
2026-05-19T20:48:05.796-07:00  INFO 24456 --- [ftehc] [           main] com.ftehc.ftehc.FtehcApplication         : The following 1 profile is active: "local"
2026-05-19T20:48:06.737-07:00  INFO 24456 --- [ftehc] [           main] .s.d.r.c.RepositoryConfigurationDelegate : Bootstrapping Spring Data MongoDB repositories in DEFAULT mode.
2026-05-19T20:48:06.809-07:00  INFO 24456 --- [ftehc] [           main] .s.d.r.c.RepositoryConfigurationDelegate : Finished Spring Data repository scanning in 66 ms. Found 14 MongoDB repository interfaces.
2026-05-19T20:48:07.260-07:00  INFO 24456 --- [ftehc] [           main] o.s.b.w.embedded.tomcat.TomcatWebServer  : Tomcat initialized with port 8080 (http)
2026-05-19T20:48:07.270-07:00  INFO 24456 --- [ftehc] [           main] o.apache.catalina.core.StandardService   : Starting service [Tomcat]
2026-05-19T20:48:07.271-07:00  INFO 24456 --- [ftehc] [           main] o.apache.catalina.core.StandardEngine    : Starting Servlet engine: [Apache Tomcat/10.1.54]
2026-05-19T20:48:07.331-07:00  INFO 24456 --- [ftehc] [           main] o.a.c.c.C.[Tomcat].[localhost].[/]       : Initializing Spring embedded WebApplicationContext
2026-05-19T20:48:07.332-07:00  INFO 24456 --- [ftehc] [           main] w.s.c.ServletWebServerApplicationContext : Root WebApplicationContext: initialization completed in 1503 ms
2026-05-19T20:48:07.614-07:00  INFO 24456 --- [ftehc] [           main] org.mongodb.driver.client                : MongoClient with metadata {"driver": {"name": "mongo-java-driver|sync|spring-boot", "version": "5.5.2"}, "os": {"type": "Windows", "name": "Windows 11", "architecture": "amd64", "version": "10.0"}, "platform": "Java/Azul Systems, Inc./17.0.12+7-LTS"} created with settings MongoClientSettings{readPreference=primary, writeConcern=WriteConcern{w=null, wTimeout=null ms, journal=null}, retryWrites=true, retryReads=true, readConcern=ReadConcern{level=null}, credential=null, transportSettings=null, commandListeners=[io.micrometer.core.instrument.binder.mongodb.MongoMetricsCommandListener@3e0a9b1d], codecRegistry=ProvidersCodecRegistry{codecProviders=[ValueCodecProvider{}, BsonValueCodecProvider{}, DBRefCodecProvider{}, DBObjectCodecProvider{}, DocumentCodecProvider{}, CollectionCodecProvider{}, IterableCodecProvider{}, MapCodecProvider{}, GeoJsonCodecProvider{}, GridFSFileCodecProvider{}, Jsr310CodecProvider{}, JsonObjectCodecProvider{}, BsonCodecProvider{}, EnumCodecProvider{}, com.mongodb.client.model.mql.ExpressionCodecProvider@1c72189f, com.mongodb.Jep395RecordCodecProvider@14be750c, com.mongodb.KotlinCodecProvider@58882a93]}, loggerSettings=LoggerSettings{maxDocumentLength=1000}, clusterSettings={hosts=[localhost:27017], srvServiceName=mongodb, mode=SINGLE, requiredClusterType=UNKNOWN, requiredReplicaSetName='null', serverSelector='null', clusterListeners='[]', serverSelectionTimeout='30000 ms', localThreshold='15 ms'}, socketSettings=SocketSettings{connectTimeoutMS=10000, readTimeoutMS=0, receiveBufferSize=0, proxySettings=ProxySettings{host=null, port=null, username=null, password=null}}, heartbeatSocketSettings=SocketSettings{connectTimeoutMS=10000, readTimeoutMS=10000, receiveBufferSize=0, proxySettings=ProxySettings{host=null, port=null, username=null, password=null}}, connectionPoolSettings=ConnectionPoolSettings{maxSize=100, minSize=0, maxWaitTimeMS=120000, maxConnectionLifeTimeMS=0, maxConnectionIdleTimeMS=0, maintenanceInitialDelayMS=0, maintenanceFrequencyMS=60000, connectionPoolListeners=[io.micrometer.core.instrument.binder.mongodb.MongoMetricsConnectionPoolListener@41f964f9], maxConnecting=2}, serverSettings=ServerSettings{heartbeatFrequencyMS=10000, minHeartbeatFrequencyMS=500, serverMonitoringMode=AUTO, serverListeners='[]', serverMonitorListeners='[]'}, sslSettings=SslSettings{enabled=false, invalidHostNameAllowed=false, context=null}, applicationName='null', compressorList=[], uuidRepresentation=JAVA_LEGACY, serverApi=null, autoEncryptionSettings=null, dnsClient=null, inetAddressResolver=null, contextProvider=null, timeoutMS=null}
2026-05-19T20:48:07.631-07:00  INFO 24456 --- [ftehc] [localhost:27017] org.mongodb.driver.cluster               : Monitor thread successfully connected to server with description ServerDescription{address=localhost:27017, type=STANDALONE, cryptd=false, state=CONNECTED, ok=true, minWireVersion=0, maxWireVersion=17, maxDocumentSize=16777216, logicalSessionTimeoutMinutes=30, roundTripTimeNanos=14040700, minRoundTripTimeNanos=0}
2026-05-19T20:48:08.172-07:00  INFO 24456 --- [ftehc] [           main] o.s.b.a.w.s.WelcomePageHandlerMapping    : Adding welcome page: class path resource [static/index.html]
2026-05-19T20:48:08.391-07:00  INFO 24456 --- [ftehc] [           main] o.s.b.a.e.web.EndpointLinksResolver      : Exposing 2 endpoints beneath base path '/actuator'
2026-05-19T20:48:08.420-07:00  WARN 24456 --- [ftehc] [           main] .s.s.UserDetailsServiceAutoConfiguration : 

Using generated security password: 72aa2a47-954f-4f69-9c2b-719f9adfd3dc

This generated password is for development use only. Your security configuration must be updated before running your application in production.

2026-05-19T20:48:08.426-07:00  INFO 24456 --- [ftehc] [           main] r$InitializeUserDetailsManagerConfigurer : Global AuthenticationManager configured with UserDetailsService bean with name inMemoryUserDetailsManager
2026-05-19T20:48:08.781-07:00  INFO 24456 --- [ftehc] [           main] o.s.b.w.embedded.tomcat.TomcatWebServer  : Tomcat started on port 8080 (http) with context path '/'
2026-05-19T20:48:08.796-07:00  INFO 24456 --- [ftehc] [           main] com.ftehc.ftehc.FtehcApplication         : Started FtehcApplication in 3.338 seconds (process running for 3.939)
2026-05-19T20:48:08.881-07:00  WARN 24456 --- [ftehc] [           main] o.s.core.events.SpringDocAppInitializer  : SpringDoc /v3/api-docs endpoint is enabled by default. To disable it in production, set the property 'springdoc.api-docs.enabled=false'
2026-05-19T20:48:08.882-07:00  WARN 24456 --- [ftehc] [           main] o.s.core.events.SpringDocAppInitializer  : SpringDoc /swagger-ui.html endpoint is enabled by default. To disable it in production, set the property 'springdoc.swagger-ui.enabled=false'
2026-05-19T20:48:09.466-07:00  INFO 24456 --- [ftehc] [nio-8080-exec-1] o.a.c.c.C.[Tomcat].[localhost].[/]       : Initializing Spring DispatcherServlet 'dispatcherServlet'
2026-05-19T20:48:09.466-07:00  INFO 24456 --- [ftehc] [nio-8080-exec-1] o.s.web.servlet.DispatcherServlet        : Initializing Servlet 'dispatcherServlet'
2026-05-19T20:48:09.467-07:00  INFO 24456 --- [ftehc] [nio-8080-exec-1] o.s.web.servlet.DispatcherServlet        : Completed initialization in 1 ms
[INFO] Scanning for projects...
[INFO] 
[INFO] --------------------------< com.ftehc:ftehc >---------------------------
[INFO] Building  0.0.1-SNAPSHOT
[INFO]   from pom.xml
[INFO] --------------------------------[ jar ]---------------------------------
[INFO] 
[INFO] >>> spring-boot:3.5.14:run (default-cli) > test-compile @ ftehc >>>
[WARNING] The POM for org.springdoc:springdoc-openapi-starter-webmvc-ui:jar:2.8.16 is invalid, transitive dependencies (if any) will not be available: 1 problem was encountered while building the effective model for org.springdoc:springdoc-openapi-starter-webmvc-ui:2.8.16
[FATAL] The parents form a cycle: org.springdoc:springdoc-openapi-starter-webmvc-ui:2.8.16 -> org.springframework.boot:spring-boot-starter-parent:3.5.11 -> org.springframework.boot:spring-boot-dependencies:3.5.11 -> org.springframework.boot:spring-boot-starter-parent:3.5.11 @ com.expd.worker:script-log-consumer-worker project:3.5.11

[WARNING] The POM for org.springdoc:springdoc-openapi-starter-webmvc-api:jar:2.8.16 is invalid, transitive dependencies (if any) will not be available: 1 problem was encountered while building the effective model for org.springdoc:springdoc-openapi-starter-webmvc-api:2.8.16
[FATAL] The parents form a cycle: org.springdoc:springdoc-openapi-starter-webmvc-api:2.8.16 -> org.springframework.boot:spring-boot-starter-parent:3.5.11 -> org.springframework.boot:spring-boot-dependencies:3.5.11 -> org.springframework.boot:spring-boot-starter-parent:3.5.11 @ com.expd.worker:script-log-consumer-worker project:3.5.11

[WARNING] The POM for org.springdoc:springdoc-openapi-starter-common:jar:2.8.16 is invalid, transitive dependencies (if any) will not be available: 1 problem was encountered while building the effective model for org.springdoc:springdoc-openapi-starter-common:2.8.16
[FATAL] The parents form a cycle: org.springdoc:springdoc-openapi-starter-common:2.8.16 -> org.springframework.boot:spring-boot-starter-parent:3.5.11 -> org.springframework.boot:spring-boot-dependencies:3.5.11 -> org.springframework.boot:spring-boot-starter-parent:3.5.11 @ com.expd.worker:script-log-consumer-worker project:3.5.11

[INFO] 
[INFO] --- resources:3.3.1:resources (default-resources) @ ftehc ---
[INFO] Copying 3 resources from src\main\resources to target\classes
[INFO] Copying 0 resource from src\main\resources to target\classes
[INFO] 
[INFO] --- resources:3.3.1:copy-resources (copy-frontend-browser-dist) @ ftehc ---
[INFO] Copying 62 resources from client\dist\school-portal-frontend\browser to target\classes\static
[INFO] 
[INFO] --- compiler:3.14.1:compile (default-compile) @ ftehc ---
[INFO] Nothing to compile - all classes are up to date.
[INFO] 
[INFO] --- resources:3.3.1:testResources (default-testResources) @ ftehc ---
[INFO] skip non existing resourceDirectory C:\Users\chq-berehanet\DBKG\FTEHC-School\src\test\resources
[INFO] 
[INFO] --- compiler:3.14.1:testCompile (default-testCompile) @ ftehc ---
[INFO] Nothing to compile - all classes are up to date.
[INFO] 
[INFO] <<< spring-boot:3.5.14:run (default-cli) < test-compile @ ftehc <<<
[INFO] 
[INFO] 
[INFO] --- spring-boot:3.5.14:run (default-cli) @ ftehc ---
[INFO] Attaching agents: []

  .   ____          _            __ _ _
 /\\ / ___'_ __ _ _(_)_ __  __ _ \ \ \ \
( ( )\___ | '_ | '_| | '_ \/ _` | \ \ \ \
 \\/  ___)| |_)| | | | | || (_| |  ) ) ) )
  '  |____| .__|_| |_|_| |_\__, | / / / /
 =========|_|==============|___/=/_/_/_/

 :: Spring Boot ::               (v3.5.14)

2026-05-19T20:53:32.400-07:00  INFO 23972 --- [ftehc] [           main] com.ftehc.ftehc.FtehcApplication         : Starting FtehcApplication using Java 17.0.12 with PID 23972 (C:\Users\chq-berehanet\DBKG\FTEHC-School\target\classes started by chq-berehanet in C:\Users\chq-berehanet\DBKG\FTEHC-School)
2026-05-19T20:53:32.402-07:00  INFO 23972 --- [ftehc] [           main] com.ftehc.ftehc.FtehcApplication         : The following 1 profile is active: "local"
2026-05-19T20:53:33.329-07:00  INFO 23972 --- [ftehc] [           main] .s.d.r.c.RepositoryConfigurationDelegate : Bootstrapping Spring Data MongoDB repositories in DEFAULT mode.
2026-05-19T20:53:33.395-07:00  INFO 23972 --- [ftehc] [           main] .s.d.r.c.RepositoryConfigurationDelegate : Finished Spring Data repository scanning in 60 ms. Found 14 MongoDB repository interfaces.
2026-05-19T20:53:33.827-07:00  INFO 23972 --- [ftehc] [           main] o.s.b.w.embedded.tomcat.TomcatWebServer  : Tomcat initialized with port 8080 (http)
2026-05-19T20:53:33.837-07:00  INFO 23972 --- [ftehc] [           main] o.apache.catalina.core.StandardService   : Starting service [Tomcat]
2026-05-19T20:53:33.837-07:00  INFO 23972 --- [ftehc] [           main] o.apache.catalina.core.StandardEngine    : Starting Servlet engine: [Apache Tomcat/10.1.54]
2026-05-19T20:53:33.896-07:00  INFO 23972 --- [ftehc] [           main] o.a.c.c.C.[Tomcat].[localhost].[/]       : Initializing Spring embedded WebApplicationContext
2026-05-19T20:53:33.897-07:00  INFO 23972 --- [ftehc] [           main] w.s.c.ServletWebServerApplicationContext : Root WebApplicationContext: initialization completed in 1464 ms
2026-05-19T20:53:34.194-07:00  INFO 23972 --- [ftehc] [           main] org.mongodb.driver.client                : MongoClient with metadata {"driver": {"name": "mongo-java-driver|sync|spring-boot", "version": "5.5.2"}, "os": {"type": "Windows", "name": "Windows 11", "architecture": "amd64", "version": "10.0"}, "platform": "Java/Azul Systems, Inc./17.0.12+7-LTS"} created with settings MongoClientSettings{readPreference=primary, writeConcern=WriteConcern{w=null, wTimeout=null ms, journal=null}, retryWrites=true, retryReads=true, readConcern=ReadConcern{level=null}, credential=null, transportSettings=null, commandListeners=[io.micrometer.core.instrument.binder.mongodb.MongoMetricsCommandListener@394fb736], codecRegistry=ProvidersCodecRegistry{codecProviders=[ValueCodecProvider{}, BsonValueCodecProvider{}, DBRefCodecProvider{}, DBObjectCodecProvider{}, DocumentCodecProvider{}, CollectionCodecProvider{}, IterableCodecProvider{}, MapCodecProvider{}, GeoJsonCodecProvider{}, GridFSFileCodecProvider{}, Jsr310CodecProvider{}, JsonObjectCodecProvider{}, BsonCodecProvider{}, EnumCodecProvider{}, com.mongodb.client.model.mql.ExpressionCodecProvider@1930a804, com.mongodb.Jep395RecordCodecProvider@bd4ee01, com.mongodb.KotlinCodecProvider@7f93f4c]}, loggerSettings=LoggerSettings{maxDocumentLength=1000}, clusterSettings={hosts=[localhost:27017], srvServiceName=mongodb, mode=SINGLE, requiredClusterType=UNKNOWN, requiredReplicaSetName='null', serverSelector='null', clusterListeners='[]', serverSelectionTimeout='30000 ms', localThreshold='15 ms'}, socketSettings=SocketSettings{connectTimeoutMS=10000, readTimeoutMS=0, receiveBufferSize=0, proxySettings=ProxySettings{host=null, port=null, username=null, password=null}}, heartbeatSocketSettings=SocketSettings{connectTimeoutMS=10000, readTimeoutMS=10000, receiveBufferSize=0, proxySettings=ProxySettings{host=null, port=null, username=null, password=null}}, connectionPoolSettings=ConnectionPoolSettings{maxSize=100, minSize=0, maxWaitTimeMS=120000, maxConnectionLifeTimeMS=0, maxConnectionIdleTimeMS=0, maintenanceInitialDelayMS=0, maintenanceFrequencyMS=60000, connectionPoolListeners=[io.micrometer.core.instrument.binder.mongodb.MongoMetricsConnectionPoolListener@7a55fb81], maxConnecting=2}, serverSettings=ServerSettings{heartbeatFrequencyMS=10000, minHeartbeatFrequencyMS=500, serverMonitoringMode=AUTO, serverListeners='[]', serverMonitorListeners='[]'}, sslSettings=SslSettings{enabled=false, invalidHostNameAllowed=false, context=null}, applicationName='null', compressorList=[], uuidRepresentation=JAVA_LEGACY, serverApi=null, autoEncryptionSettings=null, dnsClient=null, inetAddressResolver=null, contextProvider=null, timeoutMS=null}
2026-05-19T20:53:34.232-07:00  INFO 23972 --- [ftehc] [localhost:27017] org.mongodb.driver.cluster               : Monitor thread successfully connected to server with description ServerDescription{address=localhost:27017, type=STANDALONE, cryptd=false, state=CONNECTED, ok=true, minWireVersion=0, maxWireVersion=17, maxDocumentSize=16777216, logicalSessionTimeoutMinutes=30, roundTripTimeNanos=18674000, minRoundTripTimeNanos=0}
2026-05-19T20:53:34.959-07:00  INFO 23972 --- [ftehc] [           main] o.s.b.a.w.s.WelcomePageHandlerMapping    : Adding welcome page: class path resource [static/index.html]
2026-05-19T20:53:35.289-07:00  INFO 23972 --- [ftehc] [           main] o.s.b.a.e.web.EndpointLinksResolver      : Exposing 2 endpoints beneath base path '/actuator'
2026-05-19T20:53:35.368-07:00  WARN 23972 --- [ftehc] [           main] .s.s.UserDetailsServiceAutoConfiguration : 

Using generated security password: e02ede60-b01a-47f2-b958-15b8c3c16f8a

This generated password is for development use only. Your security configuration must be updated before running your application in production.

2026-05-19T20:53:35.392-07:00  INFO 23972 --- [ftehc] [           main] r$InitializeUserDetailsManagerConfigurer : Global AuthenticationManager configured with UserDetailsService bean with name inMemoryUserDetailsManager
2026-05-19T20:53:35.931-07:00  INFO 23972 --- [ftehc] [           main] o.s.b.w.embedded.tomcat.TomcatWebServer  : Tomcat started on port 8080 (http) with context path '/'
2026-05-19T20:53:35.947-07:00  INFO 23972 --- [ftehc] [           main] com.ftehc.ftehc.FtehcApplication         : Started FtehcApplication in 3.863 seconds (process running for 4.47)
2026-05-19T20:53:36.073-07:00  WARN 23972 --- [ftehc] [           main] o.s.core.events.SpringDocAppInitializer  : SpringDoc /v3/api-docs endpoint is enabled by default. To disable it in production, set the property 'springdoc.api-docs.enabled=false'
2026-05-19T20:53:36.073-07:00  WARN 23972 --- [ftehc] [           main] o.s.core.events.SpringDocAppInitializer  : SpringDoc /swagger-ui.html endpoint is enabled by default. To disable it in production, set the property 'springdoc.swagger-ui.enabled=false'
2026-05-19T20:53:36.391-07:00  INFO 23972 --- [ftehc] [nio-8080-exec-1] o.a.c.c.C.[Tomcat].[localhost].[/]       : Initializing Spring DispatcherServlet 'dispatcherServlet'
2026-05-19T20:53:36.391-07:00  INFO 23972 --- [ftehc] [nio-8080-exec-1] o.s.web.servlet.DispatcherServlet        : Initializing Servlet 'dispatcherServlet'
2026-05-19T20:53:36.393-07:00  INFO 23972 --- [ftehc] [nio-8080-exec-1] o.s.web.servlet.DispatcherServlet        : Completed initialization in 1 ms
[INFO] Scanning for projects...
[INFO] 
[INFO] --------------------------< com.ftehc:ftehc >---------------------------
[INFO] Building  0.0.1-SNAPSHOT
[INFO]   from pom.xml
[INFO] --------------------------------[ jar ]---------------------------------
[INFO] 
[INFO] >>> spring-boot:3.5.14:run (default-cli) > test-compile @ ftehc >>>
[WARNING] The POM for org.springdoc:springdoc-openapi-starter-webmvc-ui:jar:2.8.16 is invalid, transitive dependencies (if any) will not be available: 1 problem was encountered while building the effective model for org.springdoc:springdoc-openapi-starter-webmvc-ui:2.8.16
[FATAL] The parents form a cycle: org.springdoc:springdoc-openapi-starter-webmvc-ui:2.8.16 -> org.springframework.boot:spring-boot-starter-parent:3.5.11 -> org.springframework.boot:spring-boot-dependencies:3.5.11 -> org.springframework.boot:spring-boot-starter-parent:3.5.11 @ com.expd.worker:script-log-consumer-worker project:3.5.11

[WARNING] The POM for org.springdoc:springdoc-openapi-starter-webmvc-api:jar:2.8.16 is invalid, transitive dependencies (if any) will not be available: 1 problem was encountered while building the effective model for org.springdoc:springdoc-openapi-starter-webmvc-api:2.8.16
[FATAL] The parents form a cycle: org.springdoc:springdoc-openapi-starter-webmvc-api:2.8.16 -> org.springframework.boot:spring-boot-starter-parent:3.5.11 -> org.springframework.boot:spring-boot-dependencies:3.5.11 -> org.springframework.boot:spring-boot-starter-parent:3.5.11 @ com.expd.worker:script-log-consumer-worker project:3.5.11

[WARNING] The POM for org.springdoc:springdoc-openapi-starter-common:jar:2.8.16 is invalid, transitive dependencies (if any) will not be available: 1 problem was encountered while building the effective model for org.springdoc:springdoc-openapi-starter-common:2.8.16
[FATAL] The parents form a cycle: org.springdoc:springdoc-openapi-starter-common:2.8.16 -> org.springframework.boot:spring-boot-starter-parent:3.5.11 -> org.springframework.boot:spring-boot-dependencies:3.5.11 -> org.springframework.boot:spring-boot-starter-parent:3.5.11 @ com.expd.worker:script-log-consumer-worker project:3.5.11

[INFO] 
[INFO] --- resources:3.3.1:resources (default-resources) @ ftehc ---
[INFO] Copying 3 resources from src\main\resources to target\classes
[INFO] Copying 0 resource from src\main\resources to target\classes
[INFO] 
[INFO] --- resources:3.3.1:copy-resources (copy-frontend-browser-dist) @ ftehc ---
[INFO] Copying 62 resources from client\dist\school-portal-frontend\browser to target\classes\static
[INFO] 
[INFO] --- compiler:3.14.1:compile (default-compile) @ ftehc ---
[INFO] Nothing to compile - all classes are up to date.
[INFO] 
[INFO] --- resources:3.3.1:testResources (default-testResources) @ ftehc ---
[INFO] skip non existing resourceDirectory C:\Users\chq-berehanet\DBKG\FTEHC-School\src\test\resources
[INFO] 
[INFO] --- compiler:3.14.1:testCompile (default-testCompile) @ ftehc ---
[INFO] Nothing to compile - all classes are up to date.
[INFO] 
[INFO] <<< spring-boot:3.5.14:run (default-cli) < test-compile @ ftehc <<<
[INFO] 
[INFO] 
[INFO] --- spring-boot:3.5.14:run (default-cli) @ ftehc ---
[INFO] Attaching agents: []

  .   ____          _            __ _ _
 /\\ / ___'_ __ _ _(_)_ __  __ _ \ \ \ \
( ( )\___ | '_ | '_| | '_ \/ _` | \ \ \ \
 \\/  ___)| |_)| | | | | || (_| |  ) ) ) )
  '  |____| .__|_| |_|_| |_\__, | / / / /
 =========|_|==============|___/=/_/_/_/

 :: Spring Boot ::               (v3.5.14)

2026-05-19T21:23:12.859-07:00  INFO 25036 --- [ftehc] [           main] com.ftehc.ftehc.FtehcApplication         : Starting FtehcApplication using Java 17.0.12 with PID 25036 (C:\Users\chq-berehanet\DBKG\FTEHC-School\target\classes started by chq-berehanet in C:\Users\chq-berehanet\DBKG\FTEHC-School)
2026-05-19T21:23:12.861-07:00  INFO 25036 --- [ftehc] [           main] com.ftehc.ftehc.FtehcApplication         : The following 1 profile is active: "local"
2026-05-19T21:23:13.764-07:00  INFO 25036 --- [ftehc] [           main] .s.d.r.c.RepositoryConfigurationDelegate : Bootstrapping Spring Data MongoDB repositories in DEFAULT mode.
2026-05-19T21:23:13.829-07:00  INFO 25036 --- [ftehc] [           main] .s.d.r.c.RepositoryConfigurationDelegate : Finished Spring Data repository scanning in 60 ms. Found 14 MongoDB repository interfaces.
2026-05-19T21:23:14.241-07:00  INFO 25036 --- [ftehc] [           main] o.s.b.w.embedded.tomcat.TomcatWebServer  : Tomcat initialized with port 8080 (http)
2026-05-19T21:23:14.252-07:00  INFO 25036 --- [ftehc] [           main] o.apache.catalina.core.StandardService   : Starting service [Tomcat]
2026-05-19T21:23:14.252-07:00  INFO 25036 --- [ftehc] [           main] o.apache.catalina.core.StandardEngine    : Starting Servlet engine: [Apache Tomcat/10.1.54]
2026-05-19T21:23:14.315-07:00  INFO 25036 --- [ftehc] [           main] o.a.c.c.C.[Tomcat].[localhost].[/]       : Initializing Spring embedded WebApplicationContext
2026-05-19T21:23:14.315-07:00  INFO 25036 --- [ftehc] [           main] w.s.c.ServletWebServerApplicationContext : Root WebApplicationContext: initialization completed in 1425 ms
2026-05-19T21:23:14.581-07:00  INFO 25036 --- [ftehc] [           main] org.mongodb.driver.client                : MongoClient with metadata {"driver": {"name": "mongo-java-driver|sync|spring-boot", "version": "5.5.2"}, "os": {"type": "Windows", "name": "Windows 11", "architecture": "amd64", "version": "10.0"}, "platform": "Java/Azul Systems, Inc./17.0.12+7-LTS"} created with settings MongoClientSettings{readPreference=primary, writeConcern=WriteConcern{w=null, wTimeout=null ms, journal=null}, retryWrites=true, retryReads=true, readConcern=ReadConcern{level=null}, credential=null, transportSettings=null, commandListeners=[io.micrometer.core.instrument.binder.mongodb.MongoMetricsCommandListener@4fc6e776], codecRegistry=ProvidersCodecRegistry{codecProviders=[ValueCodecProvider{}, BsonValueCodecProvider{}, DBRefCodecProvider{}, DBObjectCodecProvider{}, DocumentCodecProvider{}, CollectionCodecProvider{}, IterableCodecProvider{}, MapCodecProvider{}, GeoJsonCodecProvider{}, GridFSFileCodecProvider{}, Jsr310CodecProvider{}, JsonObjectCodecProvider{}, BsonCodecProvider{}, EnumCodecProvider{}, com.mongodb.client.model.mql.ExpressionCodecProvider@7bb4ed71, com.mongodb.Jep395RecordCodecProvider@5112b7, com.mongodb.KotlinCodecProvider@56835f2f]}, loggerSettings=LoggerSettings{maxDocumentLength=1000}, clusterSettings={hosts=[localhost:27017], srvServiceName=mongodb, mode=SINGLE, requiredClusterType=UNKNOWN, requiredReplicaSetName='null', serverSelector='null', clusterListeners='[]', serverSelectionTimeout='30000 ms', localThreshold='15 ms'}, socketSettings=SocketSettings{connectTimeoutMS=10000, readTimeoutMS=0, receiveBufferSize=0, proxySettings=ProxySettings{host=null, port=null, username=null, password=null}}, heartbeatSocketSettings=SocketSettings{connectTimeoutMS=10000, readTimeoutMS=10000, receiveBufferSize=0, proxySettings=ProxySettings{host=null, port=null, username=null, password=null}}, connectionPoolSettings=ConnectionPoolSettings{maxSize=100, minSize=0, maxWaitTimeMS=120000, maxConnectionLifeTimeMS=0, maxConnectionIdleTimeMS=0, maintenanceInitialDelayMS=0, maintenanceFrequencyMS=60000, connectionPoolListeners=[io.micrometer.core.instrument.binder.mongodb.MongoMetricsConnectionPoolListener@1b409a79], maxConnecting=2}, serverSettings=ServerSettings{heartbeatFrequencyMS=10000, minHeartbeatFrequencyMS=500, serverMonitoringMode=AUTO, serverListeners='[]', serverMonitorListeners='[]'}, sslSettings=SslSettings{enabled=false, invalidHostNameAllowed=false, context=null}, applicationName='null', compressorList=[], uuidRepresentation=JAVA_LEGACY, serverApi=null, autoEncryptionSettings=null, dnsClient=null, inetAddressResolver=null, contextProvider=null, timeoutMS=null}
2026-05-19T21:23:14.626-07:00  INFO 25036 --- [ftehc] [localhost:27017] org.mongodb.driver.cluster               : Monitor thread successfully connected to server with description ServerDescription{address=localhost:27017, type=STANDALONE, cryptd=false, state=CONNECTED, ok=true, minWireVersion=0, maxWireVersion=17, maxDocumentSize=16777216, logicalSessionTimeoutMinutes=30, roundTripTimeNanos=17293500, minRoundTripTimeNanos=0}
2026-05-19T21:23:15.145-07:00  INFO 25036 --- [ftehc] [           main] o.s.b.a.w.s.WelcomePageHandlerMapping    : Adding welcome page: class path resource [static/index.html]
2026-05-19T21:23:15.373-07:00  INFO 25036 --- [ftehc] [           main] o.s.b.a.e.web.EndpointLinksResolver      : Exposing 2 endpoints beneath base path '/actuator'
2026-05-19T21:23:15.408-07:00  WARN 25036 --- [ftehc] [           main] .s.s.UserDetailsServiceAutoConfiguration : 

Using generated security password: de3b39e8-e7f0-4fa0-bf63-7a6f5ae17251

This generated password is for development use only. Your security configuration must be updated before running your application in production.

2026-05-19T21:23:15.414-07:00  INFO 25036 --- [ftehc] [           main] r$InitializeUserDetailsManagerConfigurer : Global AuthenticationManager configured with UserDetailsService bean with name inMemoryUserDetailsManager
2026-05-19T21:23:15.798-07:00  INFO 25036 --- [ftehc] [           main] o.s.b.w.embedded.tomcat.TomcatWebServer  : Tomcat started on port 8080 (http) with context path '/'
2026-05-19T21:23:15.841-07:00  INFO 25036 --- [ftehc] [           main] com.ftehc.ftehc.FtehcApplication         : Started FtehcApplication in 3.305 seconds (process running for 4.015)
2026-05-19T21:23:15.907-07:00  INFO 25036 --- [ftehc] [nio-8080-exec-1] o.a.c.c.C.[Tomcat].[localhost].[/]       : Initializing Spring DispatcherServlet 'dispatcherServlet'
2026-05-19T21:23:15.908-07:00  INFO 25036 --- [ftehc] [nio-8080-exec-1] o.s.web.servlet.DispatcherServlet        : Initializing Servlet 'dispatcherServlet'
2026-05-19T21:23:15.911-07:00  INFO 25036 --- [ftehc] [nio-8080-exec-1] o.s.web.servlet.DispatcherServlet        : Completed initialization in 3 ms
2026-05-19T21:23:16.024-07:00  WARN 25036 --- [ftehc] [           main] o.s.core.events.SpringDocAppInitializer  : SpringDoc /v3/api-docs endpoint is enabled by default. To disable it in production, set the property 'springdoc.api-docs.enabled=false'
2026-05-19T21:23:16.027-07:00  WARN 25036 --- [ftehc] [           main] o.s.core.events.SpringDocAppInitializer  : SpringDoc /swagger-ui.html endpoint is enabled by default. To disable it in production, set the property 'springdoc.swagger-ui.enabled=false'
[INFO] Scanning for projects...
[INFO] 
[INFO] --------------------------< com.ftehc:ftehc >---------------------------
[INFO] Building  0.0.1-SNAPSHOT
[INFO]   from pom.xml
[INFO] --------------------------------[ jar ]---------------------------------
[INFO] 
[INFO] >>> spring-boot:3.5.14:run (default-cli) > test-compile @ ftehc >>>
[WARNING] The POM for org.springdoc:springdoc-openapi-starter-webmvc-ui:jar:2.8.16 is invalid, transitive dependencies (if any) will not be available: 1 problem was encountered while building the effective model for org.springdoc:springdoc-openapi-starter-webmvc-ui:2.8.16
[FATAL] The parents form a cycle: org.springdoc:springdoc-openapi-starter-webmvc-ui:2.8.16 -> org.springframework.boot:spring-boot-starter-parent:3.5.11 -> org.springframework.boot:spring-boot-dependencies:3.5.11 -> org.springframework.boot:spring-boot-starter-parent:3.5.11 @ com.expd.worker:script-log-consumer-worker project:3.5.11

[WARNING] The POM for org.springdoc:springdoc-openapi-starter-webmvc-api:jar:2.8.16 is invalid, transitive dependencies (if any) will not be available: 1 problem was encountered while building the effective model for org.springdoc:springdoc-openapi-starter-webmvc-api:2.8.16
[FATAL] The parents form a cycle: org.springdoc:springdoc-openapi-starter-webmvc-api:2.8.16 -> org.springframework.boot:spring-boot-starter-parent:3.5.11 -> org.springframework.boot:spring-boot-dependencies:3.5.11 -> org.springframework.boot:spring-boot-starter-parent:3.5.11 @ com.expd.worker:script-log-consumer-worker project:3.5.11

[WARNING] The POM for org.springdoc:springdoc-openapi-starter-common:jar:2.8.16 is invalid, transitive dependencies (if any) will not be available: 1 problem was encountered while building the effective model for org.springdoc:springdoc-openapi-starter-common:2.8.16
[FATAL] The parents form a cycle: org.springdoc:springdoc-openapi-starter-common:2.8.16 -> org.springframework.boot:spring-boot-starter-parent:3.5.11 -> org.springframework.boot:spring-boot-dependencies:3.5.11 -> org.springframework.boot:spring-boot-starter-parent:3.5.11 @ com.expd.worker:script-log-consumer-worker project:3.5.11

[INFO] 
[INFO] --- resources:3.3.1:resources (default-resources) @ ftehc ---
[INFO] Copying 3 resources from src\main\resources to target\classes
[INFO] Copying 0 resource from src\main\resources to target\classes
[INFO] 
[INFO] --- resources:3.3.1:copy-resources (copy-frontend-browser-dist) @ ftehc ---
[INFO] Copying 63 resources from client\dist\school-portal-frontend\browser to target\classes\static
[INFO] 
[INFO] --- compiler:3.14.1:compile (default-compile) @ ftehc ---
[INFO] Nothing to compile - all classes are up to date.
[INFO] 
[INFO] --- resources:3.3.1:testResources (default-testResources) @ ftehc ---
[INFO] skip non existing resourceDirectory C:\Users\chq-berehanet\DBKG\FTEHC-School\src\test\resources
[INFO] 
[INFO] --- compiler:3.14.1:testCompile (default-testCompile) @ ftehc ---
[INFO] Nothing to compile - all classes are up to date.
[INFO] 
[INFO] <<< spring-boot:3.5.14:run (default-cli) < test-compile @ ftehc <<<
[INFO] 
[INFO] 
[INFO] --- spring-boot:3.5.14:run (default-cli) @ ftehc ---
[INFO] Attaching agents: []

  .   ____          _            __ _ _
 /\\ / ___'_ __ _ _(_)_ __  __ _ \ \ \ \
( ( )\___ | '_ | '_| | '_ \/ _` | \ \ \ \
 \\/  ___)| |_)| | | | | || (_| |  ) ) ) )
  '  |____| .__|_| |_|_| |_\__, | / / / /
 =========|_|==============|___/=/_/_/_/

 :: Spring Boot ::               (v3.5.14)

2026-05-19T21:25:01.244-07:00  INFO 23460 --- [ftehc] [           main] com.ftehc.ftehc.FtehcApplication         : Starting FtehcApplication using Java 17.0.12 with PID 23460 (C:\Users\chq-berehanet\DBKG\FTEHC-School\target\classes started by chq-berehanet in C:\Users\chq-berehanet\DBKG\FTEHC-School)
2026-05-19T21:25:01.247-07:00  INFO 23460 --- [ftehc] [           main] com.ftehc.ftehc.FtehcApplication         : The following 1 profile is active: "local"
2026-05-19T21:25:02.168-07:00  INFO 23460 --- [ftehc] [           main] .s.d.r.c.RepositoryConfigurationDelegate : Bootstrapping Spring Data MongoDB repositories in DEFAULT mode.
2026-05-19T21:25:02.231-07:00  INFO 23460 --- [ftehc] [           main] .s.d.r.c.RepositoryConfigurationDelegate : Finished Spring Data repository scanning in 58 ms. Found 14 MongoDB repository interfaces.
2026-05-19T21:25:02.663-07:00  INFO 23460 --- [ftehc] [           main] o.s.b.w.embedded.tomcat.TomcatWebServer  : Tomcat initialized with port 8080 (http)
2026-05-19T21:25:02.672-07:00  INFO 23460 --- [ftehc] [           main] o.apache.catalina.core.StandardService   : Starting service [Tomcat]
2026-05-19T21:25:02.672-07:00  INFO 23460 --- [ftehc] [           main] o.apache.catalina.core.StandardEngine    : Starting Servlet engine: [Apache Tomcat/10.1.54]
2026-05-19T21:25:02.729-07:00  INFO 23460 --- [ftehc] [           main] o.a.c.c.C.[Tomcat].[localhost].[/]       : Initializing Spring embedded WebApplicationContext
2026-05-19T21:25:02.730-07:00  INFO 23460 --- [ftehc] [           main] w.s.c.ServletWebServerApplicationContext : Root WebApplicationContext: initialization completed in 1454 ms
2026-05-19T21:25:02.991-07:00  INFO 23460 --- [ftehc] [           main] org.mongodb.driver.client                : MongoClient with metadata {"driver": {"name": "mongo-java-driver|sync|spring-boot", "version": "5.5.2"}, "os": {"type": "Windows", "name": "Windows 11", "architecture": "amd64", "version": "10.0"}, "platform": "Java/Azul Systems, Inc./17.0.12+7-LTS"} created with settings MongoClientSettings{readPreference=primary, writeConcern=WriteConcern{w=null, wTimeout=null ms, journal=null}, retryWrites=true, retryReads=true, readConcern=ReadConcern{level=null}, credential=null, transportSettings=null, commandListeners=[io.micrometer.core.instrument.binder.mongodb.MongoMetricsCommandListener@5cce40d7], codecRegistry=ProvidersCodecRegistry{codecProviders=[ValueCodecProvider{}, BsonValueCodecProvider{}, DBRefCodecProvider{}, DBObjectCodecProvider{}, DocumentCodecProvider{}, CollectionCodecProvider{}, IterableCodecProvider{}, MapCodecProvider{}, GeoJsonCodecProvider{}, GridFSFileCodecProvider{}, Jsr310CodecProvider{}, JsonObjectCodecProvider{}, BsonCodecProvider{}, EnumCodecProvider{}, com.mongodb.client.model.mql.ExpressionCodecProvider@467ef400, com.mongodb.Jep395RecordCodecProvider@13fe5bb7, com.mongodb.KotlinCodecProvider@4276ad40]}, loggerSettings=LoggerSettings{maxDocumentLength=1000}, clusterSettings={hosts=[localhost:27017], srvServiceName=mongodb, mode=SINGLE, requiredClusterType=UNKNOWN, requiredReplicaSetName='null', serverSelector='null', clusterListeners='[]', serverSelectionTimeout='30000 ms', localThreshold='15 ms'}, socketSettings=SocketSettings{connectTimeoutMS=10000, readTimeoutMS=0, receiveBufferSize=0, proxySettings=ProxySettings{host=null, port=null, username=null, password=null}}, heartbeatSocketSettings=SocketSettings{connectTimeoutMS=10000, readTimeoutMS=10000, receiveBufferSize=0, proxySettings=ProxySettings{host=null, port=null, username=null, password=null}}, connectionPoolSettings=ConnectionPoolSettings{maxSize=100, minSize=0, maxWaitTimeMS=120000, maxConnectionLifeTimeMS=0, maxConnectionIdleTimeMS=0, maintenanceInitialDelayMS=0, maintenanceFrequencyMS=60000, connectionPoolListeners=[io.micrometer.core.instrument.binder.mongodb.MongoMetricsConnectionPoolListener@3a45afd4], maxConnecting=2}, serverSettings=ServerSettings{heartbeatFrequencyMS=10000, minHeartbeatFrequencyMS=500, serverMonitoringMode=AUTO, serverListeners='[]', serverMonitorListeners='[]'}, sslSettings=SslSettings{enabled=false, invalidHostNameAllowed=false, context=null}, applicationName='null', compressorList=[], uuidRepresentation=JAVA_LEGACY, serverApi=null, autoEncryptionSettings=null, dnsClient=null, inetAddressResolver=null, contextProvider=null, timeoutMS=null}
2026-05-19T21:25:03.009-07:00  INFO 23460 --- [ftehc] [localhost:27017] org.mongodb.driver.cluster               : Monitor thread successfully connected to server with description ServerDescription{address=localhost:27017, type=STANDALONE, cryptd=false, state=CONNECTED, ok=true, minWireVersion=0, maxWireVersion=17, maxDocumentSize=16777216, logicalSessionTimeoutMinutes=30, roundTripTimeNanos=13779900, minRoundTripTimeNanos=0}
2026-05-19T21:25:03.529-07:00  INFO 23460 --- [ftehc] [           main] o.s.b.a.w.s.WelcomePageHandlerMapping    : Adding welcome page: class path resource [static/index.html]
2026-05-19T21:25:03.741-07:00  INFO 23460 --- [ftehc] [           main] o.s.b.a.e.web.EndpointLinksResolver      : Exposing 2 endpoints beneath base path '/actuator'
2026-05-19T21:25:03.772-07:00  WARN 23460 --- [ftehc] [           main] .s.s.UserDetailsServiceAutoConfiguration : 

Using generated security password: 341ec38a-33f0-49c0-ae0d-1860b7595644

This generated password is for development use only. Your security configuration must be updated before running your application in production.

2026-05-19T21:25:03.786-07:00  INFO 23460 --- [ftehc] [           main] r$InitializeUserDetailsManagerConfigurer : Global AuthenticationManager configured with UserDetailsService bean with name inMemoryUserDetailsManager
2026-05-19T21:25:04.138-07:00  INFO 23460 --- [ftehc] [           main] o.s.b.w.embedded.tomcat.TomcatWebServer  : Tomcat started on port 8080 (http) with context path '/'
2026-05-19T21:25:04.152-07:00  INFO 23460 --- [ftehc] [           main] com.ftehc.ftehc.FtehcApplication         : Started FtehcApplication in 3.226 seconds (process running for 3.828)
2026-05-19T21:25:04.233-07:00  WARN 23460 --- [ftehc] [           main] o.s.core.events.SpringDocAppInitializer  : SpringDoc /v3/api-docs endpoint is enabled by default. To disable it in production, set the property 'springdoc.api-docs.enabled=false'
2026-05-19T21:25:04.234-07:00  WARN 23460 --- [ftehc] [           main] o.s.core.events.SpringDocAppInitializer  : SpringDoc /swagger-ui.html endpoint is enabled by default. To disable it in production, set the property 'springdoc.swagger-ui.enabled=false'
2026-05-19T21:25:04.481-07:00  INFO 23460 --- [ftehc] [nio-8080-exec-1] o.a.c.c.C.[Tomcat].[localhost].[/]       : Initializing Spring DispatcherServlet 'dispatcherServlet'
2026-05-19T21:25:04.481-07:00  INFO 23460 --- [ftehc] [nio-8080-exec-1] o.s.web.servlet.DispatcherServlet        : Initializing Servlet 'dispatcherServlet'
2026-05-19T21:25:04.482-07:00  INFO 23460 --- [ftehc] [nio-8080-exec-1] o.s.web.servlet.DispatcherServlet        : Completed initialization in 0 ms
[INFO] Scanning for projects...
[INFO] 
[INFO] --------------------------< com.ftehc:ftehc >---------------------------
[INFO] Building  0.0.1-SNAPSHOT
[INFO]   from pom.xml
[INFO] --------------------------------[ jar ]---------------------------------
[INFO] 
[INFO] >>> spring-boot:3.5.14:run (default-cli) > test-compile @ ftehc >>>
[WARNING] The POM for org.springdoc:springdoc-openapi-starter-webmvc-ui:jar:2.8.16 is invalid, transitive dependencies (if any) will not be available: 1 problem was encountered while building the effective model for org.springdoc:springdoc-openapi-starter-webmvc-ui:2.8.16
[FATAL] The parents form a cycle: org.springdoc:springdoc-openapi-starter-webmvc-ui:2.8.16 -> org.springframework.boot:spring-boot-starter-parent:3.5.11 -> org.springframework.boot:spring-boot-dependencies:3.5.11 -> org.springframework.boot:spring-boot-starter-parent:3.5.11 @ com.expd.worker:script-log-consumer-worker project:3.5.11

[WARNING] The POM for org.springdoc:springdoc-openapi-starter-webmvc-api:jar:2.8.16 is invalid, transitive dependencies (if any) will not be available: 1 problem was encountered while building the effective model for org.springdoc:springdoc-openapi-starter-webmvc-api:2.8.16
[FATAL] The parents form a cycle: org.springdoc:springdoc-openapi-starter-webmvc-api:2.8.16 -> org.springframework.boot:spring-boot-starter-parent:3.5.11 -> org.springframework.boot:spring-boot-dependencies:3.5.11 -> org.springframework.boot:spring-boot-starter-parent:3.5.11 @ com.expd.worker:script-log-consumer-worker project:3.5.11

[WARNING] The POM for org.springdoc:springdoc-openapi-starter-common:jar:2.8.16 is invalid, transitive dependencies (if any) will not be available: 1 problem was encountered while building the effective model for org.springdoc:springdoc-openapi-starter-common:2.8.16
[FATAL] The parents form a cycle: org.springdoc:springdoc-openapi-starter-common:2.8.16 -> org.springframework.boot:spring-boot-starter-parent:3.5.11 -> org.springframework.boot:spring-boot-dependencies:3.5.11 -> org.springframework.boot:spring-boot-starter-parent:3.5.11 @ com.expd.worker:script-log-consumer-worker project:3.5.11

[INFO] 
[INFO] --- resources:3.3.1:resources (default-resources) @ ftehc ---
[INFO] Copying 3 resources from src\main\resources to target\classes
[INFO] Copying 0 resource from src\main\resources to target\classes
[INFO] 
[INFO] --- resources:3.3.1:copy-resources (copy-frontend-browser-dist) @ ftehc ---
[INFO] Copying 63 resources from client\dist\school-portal-frontend\browser to target\classes\static
[INFO] 
[INFO] --- compiler:3.14.1:compile (default-compile) @ ftehc ---
[INFO] Nothing to compile - all classes are up to date.
[INFO] 
[INFO] --- resources:3.3.1:testResources (default-testResources) @ ftehc ---
[INFO] skip non existing resourceDirectory C:\Users\chq-berehanet\DBKG\FTEHC-School\src\test\resources
[INFO] 
[INFO] --- compiler:3.14.1:testCompile (default-testCompile) @ ftehc ---
[INFO] Nothing to compile - all classes are up to date.
[INFO] 
[INFO] <<< spring-boot:3.5.14:run (default-cli) < test-compile @ ftehc <<<
[INFO] 
[INFO] 
[INFO] --- spring-boot:3.5.14:run (default-cli) @ ftehc ---
[INFO] Attaching agents: []

  .   ____          _            __ _ _
 /\\ / ___'_ __ _ _(_)_ __  __ _ \ \ \ \
( ( )\___ | '_ | '_| | '_ \/ _` | \ \ \ \
 \\/  ___)| |_)| | | | | || (_| |  ) ) ) )
  '  |____| .__|_| |_|_| |_\__, | / / / /
 =========|_|==============|___/=/_/_/_/

 :: Spring Boot ::               (v3.5.14)

2026-05-19T21:35:50.270-07:00  INFO 28304 --- [ftehc] [           main] com.ftehc.ftehc.FtehcApplication         : Starting FtehcApplication using Java 17.0.12 with PID 28304 (C:\Users\chq-berehanet\DBKG\FTEHC-School\target\classes started by chq-berehanet in C:\Users\chq-berehanet\DBKG\FTEHC-School)
2026-05-19T21:35:50.273-07:00  INFO 28304 --- [ftehc] [           main] com.ftehc.ftehc.FtehcApplication         : The following 1 profile is active: "local"
2026-05-19T21:35:51.172-07:00  INFO 28304 --- [ftehc] [           main] .s.d.r.c.RepositoryConfigurationDelegate : Bootstrapping Spring Data MongoDB repositories in DEFAULT mode.
2026-05-19T21:35:51.241-07:00  INFO 28304 --- [ftehc] [           main] .s.d.r.c.RepositoryConfigurationDelegate : Finished Spring Data repository scanning in 59 ms. Found 14 MongoDB repository interfaces.
2026-05-19T21:35:51.664-07:00  INFO 28304 --- [ftehc] [           main] o.s.b.w.embedded.tomcat.TomcatWebServer  : Tomcat initialized with port 8080 (http)
2026-05-19T21:35:51.672-07:00  INFO 28304 --- [ftehc] [           main] o.apache.catalina.core.StandardService   : Starting service [Tomcat]
2026-05-19T21:35:51.672-07:00  INFO 28304 --- [ftehc] [           main] o.apache.catalina.core.StandardEngine    : Starting Servlet engine: [Apache Tomcat/10.1.54]
2026-05-19T21:35:51.729-07:00  INFO 28304 --- [ftehc] [           main] o.a.c.c.C.[Tomcat].[localhost].[/]       : Initializing Spring embedded WebApplicationContext
2026-05-19T21:35:51.729-07:00  INFO 28304 --- [ftehc] [           main] w.s.c.ServletWebServerApplicationContext : Root WebApplicationContext: initialization completed in 1426 ms
2026-05-19T21:35:51.994-07:00  INFO 28304 --- [ftehc] [           main] org.mongodb.driver.client                : MongoClient with metadata {"driver": {"name": "mongo-java-driver|sync|spring-boot", "version": "5.5.2"}, "os": {"type": "Windows", "name": "Windows 11", "architecture": "amd64", "version": "10.0"}, "platform": "Java/Azul Systems, Inc./17.0.12+7-LTS"} created with settings MongoClientSettings{readPreference=primary, writeConcern=WriteConcern{w=null, wTimeout=null ms, journal=null}, retryWrites=true, retryReads=true, readConcern=ReadConcern{level=null}, credential=null, transportSettings=null, commandListeners=[io.micrometer.core.instrument.binder.mongodb.MongoMetricsCommandListener@21516c88], codecRegistry=ProvidersCodecRegistry{codecProviders=[ValueCodecProvider{}, BsonValueCodecProvider{}, DBRefCodecProvider{}, DBObjectCodecProvider{}, DocumentCodecProvider{}, CollectionCodecProvider{}, IterableCodecProvider{}, MapCodecProvider{}, GeoJsonCodecProvider{}, GridFSFileCodecProvider{}, Jsr310CodecProvider{}, JsonObjectCodecProvider{}, BsonCodecProvider{}, EnumCodecProvider{}, com.mongodb.client.model.mql.ExpressionCodecProvider@69e2fe3b, com.mongodb.Jep395RecordCodecProvider@27afbf14, com.mongodb.KotlinCodecProvider@4cfcac13]}, loggerSettings=LoggerSettings{maxDocumentLength=1000}, clusterSettings={hosts=[localhost:27017], srvServiceName=mongodb, mode=SINGLE, requiredClusterType=UNKNOWN, requiredReplicaSetName='null', serverSelector='null', clusterListeners='[]', serverSelectionTimeout='30000 ms', localThreshold='15 ms'}, socketSettings=SocketSettings{connectTimeoutMS=10000, readTimeoutMS=0, receiveBufferSize=0, proxySettings=ProxySettings{host=null, port=null, username=null, password=null}}, heartbeatSocketSettings=SocketSettings{connectTimeoutMS=10000, readTimeoutMS=10000, receiveBufferSize=0, proxySettings=ProxySettings{host=null, port=null, username=null, password=null}}, connectionPoolSettings=ConnectionPoolSettings{maxSize=100, minSize=0, maxWaitTimeMS=120000, maxConnectionLifeTimeMS=0, maxConnectionIdleTimeMS=0, maintenanceInitialDelayMS=0, maintenanceFrequencyMS=60000, connectionPoolListeners=[io.micrometer.core.instrument.binder.mongodb.MongoMetricsConnectionPoolListener@5c53c235], maxConnecting=2}, serverSettings=ServerSettings{heartbeatFrequencyMS=10000, minHeartbeatFrequencyMS=500, serverMonitoringMode=AUTO, serverListeners='[]', serverMonitorListeners='[]'}, sslSettings=SslSettings{enabled=false, invalidHostNameAllowed=false, context=null}, applicationName='null', compressorList=[], uuidRepresentation=JAVA_LEGACY, serverApi=null, autoEncryptionSettings=null, dnsClient=null, inetAddressResolver=null, contextProvider=null, timeoutMS=null}
2026-05-19T21:35:52.011-07:00  INFO 28304 --- [ftehc] [localhost:27017] org.mongodb.driver.cluster               : Monitor thread successfully connected to server with description ServerDescription{address=localhost:27017, type=STANDALONE, cryptd=false, state=CONNECTED, ok=true, minWireVersion=0, maxWireVersion=17, maxDocumentSize=16777216, logicalSessionTimeoutMinutes=30, roundTripTimeNanos=13398400, minRoundTripTimeNanos=0}
2026-05-19T21:35:52.542-07:00  INFO 28304 --- [ftehc] [           main] o.s.b.a.w.s.WelcomePageHandlerMapping    : Adding welcome page: class path resource [static/index.html]
2026-05-19T21:35:52.756-07:00  INFO 28304 --- [ftehc] [           main] o.s.b.a.e.web.EndpointLinksResolver      : Exposing 2 endpoints beneath base path '/actuator'
2026-05-19T21:35:52.786-07:00  WARN 28304 --- [ftehc] [           main] .s.s.UserDetailsServiceAutoConfiguration : 

Using generated security password: 495d6eef-e176-45a8-8548-f973b27d2003

This generated password is for development use only. Your security configuration must be updated before running your application in production.

2026-05-19T21:35:52.792-07:00  INFO 28304 --- [ftehc] [           main] r$InitializeUserDetailsManagerConfigurer : Global AuthenticationManager configured with UserDetailsService bean with name inMemoryUserDetailsManager
2026-05-19T21:35:53.134-07:00  INFO 28304 --- [ftehc] [           main] o.s.b.w.embedded.tomcat.TomcatWebServer  : Tomcat started on port 8080 (http) with context path '/'
2026-05-19T21:35:53.149-07:00  INFO 28304 --- [ftehc] [           main] com.ftehc.ftehc.FtehcApplication         : Started FtehcApplication in 3.209 seconds (process running for 3.816)
2026-05-19T21:35:53.198-07:00  INFO 28304 --- [ftehc] [nio-8080-exec-1] o.a.c.c.C.[Tomcat].[localhost].[/]       : Initializing Spring DispatcherServlet 'dispatcherServlet'
2026-05-19T21:35:53.198-07:00  INFO 28304 --- [ftehc] [nio-8080-exec-1] o.s.web.servlet.DispatcherServlet        : Initializing Servlet 'dispatcherServlet'
2026-05-19T21:35:53.199-07:00  INFO 28304 --- [ftehc] [nio-8080-exec-1] o.s.web.servlet.DispatcherServlet        : Completed initialization in 1 ms
2026-05-19T21:35:53.244-07:00  WARN 28304 --- [ftehc] [           main] o.s.core.events.SpringDocAppInitializer  : SpringDoc /v3/api-docs endpoint is enabled by default. To disable it in production, set the property 'springdoc.api-docs.enabled=false'
2026-05-19T21:35:53.245-07:00  WARN 28304 --- [ftehc] [           main] o.s.core.events.SpringDocAppInitializer  : SpringDoc /swagger-ui.html endpoint is enabled by default. To disable it in production, set the property 'springdoc.swagger-ui.enabled=false'
[INFO] Scanning for projects...
[INFO] 
[INFO] --------------------------< com.ftehc:ftehc >---------------------------
[INFO] Building  0.0.1-SNAPSHOT
[INFO]   from pom.xml
[INFO] --------------------------------[ jar ]---------------------------------
[INFO] 
[INFO] >>> spring-boot:3.5.14:run (default-cli) > test-compile @ ftehc >>>
[WARNING] The POM for org.springdoc:springdoc-openapi-starter-webmvc-ui:jar:2.8.16 is invalid, transitive dependencies (if any) will not be available: 1 problem was encountered while building the effective model for org.springdoc:springdoc-openapi-starter-webmvc-ui:2.8.16
[FATAL] The parents form a cycle: org.springdoc:springdoc-openapi-starter-webmvc-ui:2.8.16 -> org.springframework.boot:spring-boot-starter-parent:3.5.11 -> org.springframework.boot:spring-boot-dependencies:3.5.11 -> org.springframework.boot:spring-boot-starter-parent:3.5.11 @ com.expd.worker:script-log-consumer-worker project:3.5.11

[WARNING] The POM for org.springdoc:springdoc-openapi-starter-webmvc-api:jar:2.8.16 is invalid, transitive dependencies (if any) will not be available: 1 problem was encountered while building the effective model for org.springdoc:springdoc-openapi-starter-webmvc-api:2.8.16
[FATAL] The parents form a cycle: org.springdoc:springdoc-openapi-starter-webmvc-api:2.8.16 -> org.springframework.boot:spring-boot-starter-parent:3.5.11 -> org.springframework.boot:spring-boot-dependencies:3.5.11 -> org.springframework.boot:spring-boot-starter-parent:3.5.11 @ com.expd.worker:script-log-consumer-worker project:3.5.11

[WARNING] The POM for org.springdoc:springdoc-openapi-starter-common:jar:2.8.16 is invalid, transitive dependencies (if any) will not be available: 1 problem was encountered while building the effective model for org.springdoc:springdoc-openapi-starter-common:2.8.16
[FATAL] The parents form a cycle: org.springdoc:springdoc-openapi-starter-common:2.8.16 -> org.springframework.boot:spring-boot-starter-parent:3.5.11 -> org.springframework.boot:spring-boot-dependencies:3.5.11 -> org.springframework.boot:spring-boot-starter-parent:3.5.11 @ com.expd.worker:script-log-consumer-worker project:3.5.11

[INFO] 
[INFO] --- resources:3.3.1:resources (default-resources) @ ftehc ---
[INFO] Copying 3 resources from src\main\resources to target\classes
[INFO] Copying 0 resource from src\main\resources to target\classes
[INFO] 
[INFO] --- resources:3.3.1:copy-resources (copy-frontend-browser-dist) @ ftehc ---
[INFO] Copying 63 resources from client\dist\school-portal-frontend\browser to target\classes\static
[INFO] 
[INFO] --- compiler:3.14.1:compile (default-compile) @ ftehc ---
[INFO] Nothing to compile - all classes are up to date.
[INFO] 
[INFO] --- resources:3.3.1:testResources (default-testResources) @ ftehc ---
[INFO] skip non existing resourceDirectory C:\Users\chq-berehanet\DBKG\FTEHC-School\src\test\resources
[INFO] 
[INFO] --- compiler:3.14.1:testCompile (default-testCompile) @ ftehc ---
[INFO] Nothing to compile - all classes are up to date.
[INFO] 
[INFO] <<< spring-boot:3.5.14:run (default-cli) < test-compile @ ftehc <<<
[INFO] 
[INFO] 
[INFO] --- spring-boot:3.5.14:run (default-cli) @ ftehc ---
[INFO] Attaching agents: []

  .   ____          _            __ _ _
 /\\ / ___'_ __ _ _(_)_ __  __ _ \ \ \ \
( ( )\___ | '_ | '_| | '_ \/ _` | \ \ \ \
 \\/  ___)| |_)| | | | | || (_| |  ) ) ) )
  '  |____| .__|_| |_|_| |_\__, | / / / /
 =========|_|==============|___/=/_/_/_/

 :: Spring Boot ::               (v3.5.14)

2026-05-19T21:48:47.313-07:00  INFO 26412 --- [ftehc] [           main] com.ftehc.ftehc.FtehcApplication         : Starting FtehcApplication using Java 17.0.12 with PID 26412 (C:\Users\chq-berehanet\DBKG\FTEHC-School\target\classes started by chq-berehanet in C:\Users\chq-berehanet\DBKG\FTEHC-School)
2026-05-19T21:48:47.315-07:00  INFO 26412 --- [ftehc] [           main] com.ftehc.ftehc.FtehcApplication         : The following 1 profile is active: "local"
2026-05-19T21:48:48.177-07:00  INFO 26412 --- [ftehc] [           main] .s.d.r.c.RepositoryConfigurationDelegate : Bootstrapping Spring Data MongoDB repositories in DEFAULT mode.
2026-05-19T21:48:48.248-07:00  INFO 26412 --- [ftehc] [           main] .s.d.r.c.RepositoryConfigurationDelegate : Finished Spring Data repository scanning in 65 ms. Found 14 MongoDB repository interfaces.
2026-05-19T21:48:48.663-07:00  INFO 26412 --- [ftehc] [           main] o.s.b.w.embedded.tomcat.TomcatWebServer  : Tomcat initialized with port 8080 (http)
2026-05-19T21:48:48.671-07:00  INFO 26412 --- [ftehc] [           main] o.apache.catalina.core.StandardService   : Starting service [Tomcat]
2026-05-19T21:48:48.672-07:00  INFO 26412 --- [ftehc] [           main] o.apache.catalina.core.StandardEngine    : Starting Servlet engine: [Apache Tomcat/10.1.54]
2026-05-19T21:48:48.730-07:00  INFO 26412 --- [ftehc] [           main] o.a.c.c.C.[Tomcat].[localhost].[/]       : Initializing Spring embedded WebApplicationContext
2026-05-19T21:48:48.730-07:00  INFO 26412 --- [ftehc] [           main] w.s.c.ServletWebServerApplicationContext : Root WebApplicationContext: initialization completed in 1385 ms
2026-05-19T21:48:48.990-07:00  INFO 26412 --- [ftehc] [           main] org.mongodb.driver.client                : MongoClient with metadata {"driver": {"name": "mongo-java-driver|sync|spring-boot", "version": "5.5.2"}, "os": {"type": "Windows", "name": "Windows 11", "architecture": "amd64", "version": "10.0"}, "platform": "Java/Azul Systems, Inc./17.0.12+7-LTS"} created with settings MongoClientSettings{readPreference=primary, writeConcern=WriteConcern{w=null, wTimeout=null ms, journal=null}, retryWrites=true, retryReads=true, readConcern=ReadConcern{level=null}, credential=null, transportSettings=null, commandListeners=[io.micrometer.core.instrument.binder.mongodb.MongoMetricsCommandListener@28554ac8], codecRegistry=ProvidersCodecRegistry{codecProviders=[ValueCodecProvider{}, BsonValueCodecProvider{}, DBRefCodecProvider{}, DBObjectCodecProvider{}, DocumentCodecProvider{}, CollectionCodecProvider{}, IterableCodecProvider{}, MapCodecProvider{}, GeoJsonCodecProvider{}, GridFSFileCodecProvider{}, Jsr310CodecProvider{}, JsonObjectCodecProvider{}, BsonCodecProvider{}, EnumCodecProvider{}, com.mongodb.client.model.mql.ExpressionCodecProvider@1c72189f, com.mongodb.Jep395RecordCodecProvider@14be750c, com.mongodb.KotlinCodecProvider@58882a93]}, loggerSettings=LoggerSettings{maxDocumentLength=1000}, clusterSettings={hosts=[localhost:27017], srvServiceName=mongodb, mode=SINGLE, requiredClusterType=UNKNOWN, requiredReplicaSetName='null', serverSelector='null', clusterListeners='[]', serverSelectionTimeout='30000 ms', localThreshold='15 ms'}, socketSettings=SocketSettings{connectTimeoutMS=10000, readTimeoutMS=0, receiveBufferSize=0, proxySettings=ProxySettings{host=null, port=null, username=null, password=null}}, heartbeatSocketSettings=SocketSettings{connectTimeoutMS=10000, readTimeoutMS=10000, receiveBufferSize=0, proxySettings=ProxySettings{host=null, port=null, username=null, password=null}}, connectionPoolSettings=ConnectionPoolSettings{maxSize=100, minSize=0, maxWaitTimeMS=120000, maxConnectionLifeTimeMS=0, maxConnectionIdleTimeMS=0, maintenanceInitialDelayMS=0, maintenanceFrequencyMS=60000, connectionPoolListeners=[io.micrometer.core.instrument.binder.mongodb.MongoMetricsConnectionPoolListener@27bc1d44], maxConnecting=2}, serverSettings=ServerSettings{heartbeatFrequencyMS=10000, minHeartbeatFrequencyMS=500, serverMonitoringMode=AUTO, serverListeners='[]', serverMonitorListeners='[]'}, sslSettings=SslSettings{enabled=false, invalidHostNameAllowed=false, context=null}, applicationName='null', compressorList=[], uuidRepresentation=JAVA_LEGACY, serverApi=null, autoEncryptionSettings=null, dnsClient=null, inetAddressResolver=null, contextProvider=null, timeoutMS=null}
2026-05-19T21:48:49.029-07:00  INFO 26412 --- [ftehc] [localhost:27017] org.mongodb.driver.cluster               : Monitor thread successfully connected to server with description ServerDescription{address=localhost:27017, type=STANDALONE, cryptd=false, state=CONNECTED, ok=true, minWireVersion=0, maxWireVersion=17, maxDocumentSize=16777216, logicalSessionTimeoutMinutes=30, roundTripTimeNanos=18893400, minRoundTripTimeNanos=0}
2026-05-19T21:48:49.551-07:00  INFO 26412 --- [ftehc] [           main] o.s.b.a.w.s.WelcomePageHandlerMapping    : Adding welcome page: class path resource [static/index.html]
2026-05-19T21:48:49.760-07:00  INFO 26412 --- [ftehc] [           main] o.s.b.a.e.web.EndpointLinksResolver      : Exposing 2 endpoints beneath base path '/actuator'
2026-05-19T21:48:49.789-07:00  WARN 26412 --- [ftehc] [           main] .s.s.UserDetailsServiceAutoConfiguration : 

Using generated security password: e44ce51c-0e5f-48e5-9e48-28c9fd58d6e9

This generated password is for development use only. Your security configuration must be updated before running your application in production.

2026-05-19T21:48:49.795-07:00  INFO 26412 --- [ftehc] [           main] r$InitializeUserDetailsManagerConfigurer : Global AuthenticationManager configured with UserDetailsService bean with name inMemoryUserDetailsManager
2026-05-19T21:48:50.182-07:00  INFO 26412 --- [ftehc] [           main] o.s.b.w.embedded.tomcat.TomcatWebServer  : Tomcat started on port 8080 (http) with context path '/'
2026-05-19T21:48:50.197-07:00  INFO 26412 --- [ftehc] [           main] com.ftehc.ftehc.FtehcApplication         : Started FtehcApplication in 3.184 seconds (process running for 3.809)
2026-05-19T21:48:50.291-07:00  WARN 26412 --- [ftehc] [           main] o.s.core.events.SpringDocAppInitializer  : SpringDoc /v3/api-docs endpoint is enabled by default. To disable it in production, set the property 'springdoc.api-docs.enabled=false'
2026-05-19T21:48:50.292-07:00  WARN 26412 --- [ftehc] [           main] o.s.core.events.SpringDocAppInitializer  : SpringDoc /swagger-ui.html endpoint is enabled by default. To disable it in production, set the property 'springdoc.swagger-ui.enabled=false'
2026-05-19T21:48:50.912-07:00  INFO 26412 --- [ftehc] [nio-8080-exec-1] o.a.c.c.C.[Tomcat].[localhost].[/]       : Initializing Spring DispatcherServlet 'dispatcherServlet'
2026-05-19T21:48:50.912-07:00  INFO 26412 --- [ftehc] [nio-8080-exec-1] o.s.web.servlet.DispatcherServlet        : Initializing Servlet 'dispatcherServlet'
2026-05-19T21:48:50.914-07:00  INFO 26412 --- [ftehc] [nio-8080-exec-1] o.s.web.servlet.DispatcherServlet        : Completed initialization in 2 ms
[INFO] Scanning for projects...
Downloading from central: https://repo.maven.apache.org/maven2/org/flywaydb/maven-metadata.xml
Downloading from central: https://repo.maven.apache.org/maven2/org/cyclonedx/maven-metadata.xml
Downloading from central: https://repo.maven.apache.org/maven2/io/github/git-commit-id/maven-metadata.xml
Downloading from central: https://repo.maven.apache.org/maven2/org/springframework/boot/maven-metadata.xml
Progress (1): 249 B
Progress (2): 249 B | 255 B
Progress (3): 249 B | 255 B | 234 B
Progress (4): 249 B | 255 B | 234 B | 243 B
                                           
Downloaded from central: https://repo.maven.apache.org/maven2/io/github/git-commit-id/maven-metadata.xml (255 B at 313 B/s)
Downloaded from central: https://repo.maven.apache.org/maven2/org/flywaydb/maven-metadata.xml (234 B at 287 B/s)
Downloaded from central: https://repo.maven.apache.org/maven2/org/cyclonedx/maven-metadata.xml (243 B at 297 B/s)
Downloading from central: https://repo.maven.apache.org/maven2/org/jetbrains/kotlin/maven-metadata.xml
Downloading from central: https://repo.maven.apache.org/maven2/org/jooq/maven-metadata.xml
Downloading from central: https://repo.maven.apache.org/maven2/org/liquibase/maven-metadata.xml
Downloaded from central: https://repo.maven.apache.org/maven2/org/springframework/boot/maven-metadata.xml (249 B at 304 B/s)
Downloading from central: https://repo.maven.apache.org/maven2/org/graalvm/buildtools/maven-metadata.xml
Progress (1): 375 B
Progress (2): 375 B | 242 B
Progress (3): 375 B | 242 B | 394 B
Progress (4): 375 B | 242 B | 394 B | 398 B
                                           
Downloaded from central: https://repo.maven.apache.org/maven2/org/jetbrains/kotlin/maven-metadata.xml (375 B at 3.9 kB/s)
Downloading from central: https://repo.maven.apache.org/maven2/org/apache/maven/plugins/maven-metadata.xml
Downloaded from central: https://repo.maven.apache.org/maven2/org/liquibase/maven-metadata.xml (394 B at 3.6 kB/s)
Downloading from central: https://repo.maven.apache.org/maven2/org/codehaus/mojo/maven-metadata.xml
Downloaded from central: https://repo.maven.apache.org/maven2/org/jooq/maven-metadata.xml (398 B at 3.6 kB/s)
Downloaded from central: https://repo.maven.apache.org/maven2/org/graalvm/buildtools/maven-metadata.xml (242 B at 2.0 kB/s)
Progress (1): 4.6 kB
Progress (1): 9.7 kB
Progress (1): 14 kB 
Progress (2): 14 kB | 3.1 kB
Progress (2): 14 kB | 7.7 kB
Progress (2): 14 kB | 12 kB 
Progress (2): 14 kB | 17 kB
Progress (2): 14 kB | 20 kB
Progress (2): 14 kB | 21 kB
                           
Downloaded from central: https://repo.maven.apache.org/maven2/org/apache/maven/plugins/maven-metadata.xml (14 kB at 104 kB/s)
Downloaded from central: https://repo.maven.apache.org/maven2/org/codehaus/mojo/maven-metadata.xml (21 kB at 108 kB/s)
[INFO] 
[INFO] --------------------------< com.ftehc:ftehc >---------------------------
[INFO] Building  0.0.1-SNAPSHOT
[INFO]   from pom.xml
[INFO] --------------------------------[ jar ]---------------------------------
[INFO] 
[INFO] >>> spring-boot:3.5.14:run (default-cli) > test-compile @ ftehc >>>
[WARNING] The POM for org.springdoc:springdoc-openapi-starter-webmvc-ui:jar:2.8.16 is invalid, transitive dependencies (if any) will not be available: 1 problem was encountered while building the effective model for org.springdoc:springdoc-openapi-starter-webmvc-ui:2.8.16
[FATAL] The parents form a cycle: org.springdoc:springdoc-openapi-starter-webmvc-ui:2.8.16 -> org.springframework.boot:spring-boot-starter-parent:3.5.11 -> org.springframework.boot:spring-boot-dependencies:3.5.11 -> org.springframework.boot:spring-boot-starter-parent:3.5.11 @ com.expd.worker:script-log-consumer-worker project:3.5.11

[WARNING] The POM for org.springdoc:springdoc-openapi-starter-webmvc-api:jar:2.8.16 is invalid, transitive dependencies (if any) will not be available: 1 problem was encountered while building the effective model for org.springdoc:springdoc-openapi-starter-webmvc-api:2.8.16
[FATAL] The parents form a cycle: org.springdoc:springdoc-openapi-starter-webmvc-api:2.8.16 -> org.springframework.boot:spring-boot-starter-parent:3.5.11 -> org.springframework.boot:spring-boot-dependencies:3.5.11 -> org.springframework.boot:spring-boot-starter-parent:3.5.11 @ com.expd.worker:script-log-consumer-worker project:3.5.11

[WARNING] The POM for org.springdoc:springdoc-openapi-starter-common:jar:2.8.16 is invalid, transitive dependencies (if any) will not be available: 1 problem was encountered while building the effective model for org.springdoc:springdoc-openapi-starter-common:2.8.16
[FATAL] The parents form a cycle: org.springdoc:springdoc-openapi-starter-common:2.8.16 -> org.springframework.boot:spring-boot-starter-parent:3.5.11 -> org.springframework.boot:spring-boot-dependencies:3.5.11 -> org.springframework.boot:spring-boot-starter-parent:3.5.11 @ com.expd.worker:script-log-consumer-worker project:3.5.11

[INFO] 
[INFO] --- resources:3.3.1:resources (default-resources) @ ftehc ---
[INFO] Copying 3 resources from src\main\resources to target\classes
[INFO] Copying 0 resource from src\main\resources to target\classes
[INFO] 
[INFO] --- resources:3.3.1:copy-resources (copy-frontend-browser-dist) @ ftehc ---
[INFO] Copying 63 resources from client\dist\school-portal-frontend\browser to target\classes\static
[INFO] 
[INFO] --- compiler:3.14.1:compile (default-compile) @ ftehc ---
[INFO] Nothing to compile - all classes are up to date.
[INFO] 
[INFO] --- resources:3.3.1:testResources (default-testResources) @ ftehc ---
[INFO] skip non existing resourceDirectory C:\Users\chq-berehanet\DBKG\FTEHC-School\src\test\resources
[INFO] 
[INFO] --- compiler:3.14.1:testCompile (default-testCompile) @ ftehc ---
[INFO] Nothing to compile - all classes are up to date.
[INFO] 
[INFO] <<< spring-boot:3.5.14:run (default-cli) < test-compile @ ftehc <<<
[INFO] 
[INFO] 
[INFO] --- spring-boot:3.5.14:run (default-cli) @ ftehc ---
[INFO] Attaching agents: []

  .   ____          _            __ _ _
 /\\ / ___'_ __ _ _(_)_ __  __ _ \ \ \ \
( ( )\___ | '_ | '_| | '_ \/ _` | \ \ \ \
 \\/  ___)| |_)| | | | | || (_| |  ) ) ) )
  '  |____| .__|_| |_|_| |_\__, | / / / /
 =========|_|==============|___/=/_/_/_/

 :: Spring Boot ::               (v3.5.14)

2026-05-21T16:28:03.034-07:00  INFO 4844 --- [ftehc] [           main] com.ftehc.ftehc.FtehcApplication         : Starting FtehcApplication using Java 17.0.12 with PID 4844 (C:\Users\chq-berehanet\DBKG\FTEHC-School\target\classes started by chq-berehanet in C:\Users\chq-berehanet\DBKG\FTEHC-School)
2026-05-21T16:28:03.040-07:00  INFO 4844 --- [ftehc] [           main] com.ftehc.ftehc.FtehcApplication         : The following 1 profile is active: "local"
2026-05-21T16:28:05.117-07:00  INFO 4844 --- [ftehc] [           main] .s.d.r.c.RepositoryConfigurationDelegate : Bootstrapping Spring Data MongoDB repositories in DEFAULT mode.
2026-05-21T16:28:05.282-07:00  INFO 4844 --- [ftehc] [           main] .s.d.r.c.RepositoryConfigurationDelegate : Finished Spring Data repository scanning in 152 ms. Found 14 MongoDB repository interfaces.
2026-05-21T16:28:06.156-07:00  INFO 4844 --- [ftehc] [           main] o.s.b.w.embedded.tomcat.TomcatWebServer  : Tomcat initialized with port 8080 (http)
2026-05-21T16:28:06.173-07:00  INFO 4844 --- [ftehc] [           main] o.apache.catalina.core.StandardService   : Starting service [Tomcat]
2026-05-21T16:28:06.174-07:00  INFO 4844 --- [ftehc] [           main] o.apache.catalina.core.StandardEngine    : Starting Servlet engine: [Apache Tomcat/10.1.54]
2026-05-21T16:28:06.291-07:00  INFO 4844 --- [ftehc] [           main] o.a.c.c.C.[Tomcat].[localhost].[/]       : Initializing Spring embedded WebApplicationContext
2026-05-21T16:28:06.294-07:00  INFO 4844 --- [ftehc] [           main] w.s.c.ServletWebServerApplicationContext : Root WebApplicationContext: initialization completed in 3186 ms
2026-05-21T16:28:06.909-07:00  INFO 4844 --- [ftehc] [           main] org.mongodb.driver.client                : MongoClient with metadata {"driver": {"name": "mongo-java-driver|sync|spring-boot", "version": "5.5.2"}, "os": {"type": "Windows", "name": "Windows 11", "architecture": "amd64", "version": "10.0"}, "platform": "Java/Azul Systems, Inc./17.0.12+7-LTS"} created with settings MongoClientSettings{readPreference=primary, writeConcern=WriteConcern{w=null, wTimeout=null ms, journal=null}, retryWrites=true, retryReads=true, readConcern=ReadConcern{level=null}, credential=null, transportSettings=null, commandListeners=[io.micrometer.core.instrument.binder.mongodb.MongoMetricsCommandListener@28554ac8], codecRegistry=ProvidersCodecRegistry{codecProviders=[ValueCodecProvider{}, BsonValueCodecProvider{}, DBRefCodecProvider{}, DBObjectCodecProvider{}, DocumentCodecProvider{}, CollectionCodecProvider{}, IterableCodecProvider{}, MapCodecProvider{}, GeoJsonCodecProvider{}, GridFSFileCodecProvider{}, Jsr310CodecProvider{}, JsonObjectCodecProvider{}, BsonCodecProvider{}, EnumCodecProvider{}, com.mongodb.client.model.mql.ExpressionCodecProvider@76af51d6, com.mongodb.Jep395RecordCodecProvider@39ace1a7, com.mongodb.KotlinCodecProvider@1930a804]}, loggerSettings=LoggerSettings{maxDocumentLength=1000}, clusterSettings={hosts=[localhost:27017], srvServiceName=mongodb, mode=SINGLE, requiredClusterType=UNKNOWN, requiredReplicaSetName='null', serverSelector='null', clusterListeners='[]', serverSelectionTimeout='30000 ms', localThreshold='15 ms'}, socketSettings=SocketSettings{connectTimeoutMS=10000, readTimeoutMS=0, receiveBufferSize=0, proxySettings=ProxySettings{host=null, port=null, username=null, password=null}}, heartbeatSocketSettings=SocketSettings{connectTimeoutMS=10000, readTimeoutMS=10000, receiveBufferSize=0, proxySettings=ProxySettings{host=null, port=null, username=null, password=null}}, connectionPoolSettings=ConnectionPoolSettings{maxSize=100, minSize=0, maxWaitTimeMS=120000, maxConnectionLifeTimeMS=0, maxConnectionIdleTimeMS=0, maintenanceInitialDelayMS=0, maintenanceFrequencyMS=60000, connectionPoolListeners=[io.micrometer.core.instrument.binder.mongodb.MongoMetricsConnectionPoolListener@27bc1d44], maxConnecting=2}, serverSettings=ServerSettings{heartbeatFrequencyMS=10000, minHeartbeatFrequencyMS=500, serverMonitoringMode=AUTO, serverListeners='[]', serverMonitorListeners='[]'}, sslSettings=SslSettings{enabled=false, invalidHostNameAllowed=false, context=null}, applicationName='null', compressorList=[], uuidRepresentation=JAVA_LEGACY, serverApi=null, autoEncryptionSettings=null, dnsClient=null, inetAddressResolver=null, contextProvider=null, timeoutMS=null}
2026-05-21T16:28:06.961-07:00  INFO 4844 --- [ftehc] [localhost:27017] org.mongodb.driver.cluster               : Monitor thread successfully connected to server with description ServerDescription{address=localhost:27017, type=STANDALONE, cryptd=false, state=CONNECTED, ok=true, minWireVersion=0, maxWireVersion=17, maxDocumentSize=16777216, logicalSessionTimeoutMinutes=30, roundTripTimeNanos=37358900, minRoundTripTimeNanos=0}
2026-05-21T16:28:08.176-07:00  INFO 4844 --- [ftehc] [           main] o.s.b.a.w.s.WelcomePageHandlerMapping    : Adding welcome page: class path resource [static/index.html]
2026-05-21T16:28:08.679-07:00  INFO 4844 --- [ftehc] [           main] o.s.b.a.e.web.EndpointLinksResolver      : Exposing 2 endpoints beneath base path '/actuator'
2026-05-21T16:28:08.734-07:00  WARN 4844 --- [ftehc] [           main] .s.s.UserDetailsServiceAutoConfiguration : 

Using generated security password: 92f22117-5f0f-4ced-8195-70d588592887

This generated password is for development use only. Your security configuration must be updated before running your application in production.

2026-05-21T16:28:08.750-07:00  INFO 4844 --- [ftehc] [           main] r$InitializeUserDetailsManagerConfigurer : Global AuthenticationManager configured with UserDetailsService bean with name inMemoryUserDetailsManager
2026-05-21T16:28:09.464-07:00  INFO 4844 --- [ftehc] [           main] o.s.b.w.embedded.tomcat.TomcatWebServer  : Tomcat started on port 8080 (http) with context path '/'
2026-05-21T16:28:09.491-07:00  INFO 4844 --- [ftehc] [           main] com.ftehc.ftehc.FtehcApplication         : Started FtehcApplication in 7.207 seconds (process running for 8.425)
2026-05-21T16:28:09.716-07:00  WARN 4844 --- [ftehc] [           main] o.s.core.events.SpringDocAppInitializer  : SpringDoc /v3/api-docs endpoint is enabled by default. To disable it in production, set the property 'springdoc.api-docs.enabled=false'
2026-05-21T16:28:09.718-07:00  WARN 4844 --- [ftehc] [           main] o.s.core.events.SpringDocAppInitializer  : SpringDoc /swagger-ui.html endpoint is enabled by default. To disable it in production, set the property 'springdoc.swagger-ui.enabled=false'
2026-05-21T16:28:09.763-07:00  INFO 4844 --- [ftehc] [nio-8080-exec-1] o.a.c.c.C.[Tomcat].[localhost].[/]       : Initializing Spring DispatcherServlet 'dispatcherServlet'
2026-05-21T16:28:09.763-07:00  INFO 4844 --- [ftehc] [nio-8080-exec-1] o.s.web.servlet.DispatcherServlet        : Initializing Servlet 'dispatcherServlet'
2026-05-21T16:28:09.767-07:00  INFO 4844 --- [ftehc] [nio-8080-exec-1] o.s.web.servlet.DispatcherServlet        : Completed initialization in 3 ms
[INFO] Scanning for projects...
[INFO] 
[INFO] --------------------------< com.ftehc:ftehc >---------------------------
[INFO] Building  0.0.1-SNAPSHOT
[INFO]   from pom.xml
[INFO] --------------------------------[ jar ]---------------------------------
[INFO] 
[INFO] >>> spring-boot:3.5.14:run (default-cli) > test-compile @ ftehc >>>
[WARNING] The POM for org.springdoc:springdoc-openapi-starter-webmvc-ui:jar:2.8.16 is invalid, transitive dependencies (if any) will not be available: 1 problem was encountered while building the effective model for org.springdoc:springdoc-openapi-starter-webmvc-ui:2.8.16
[FATAL] The parents form a cycle: org.springdoc:springdoc-openapi-starter-webmvc-ui:2.8.16 -> org.springframework.boot:spring-boot-starter-parent:3.5.11 -> org.springframework.boot:spring-boot-dependencies:3.5.11 -> org.springframework.boot:spring-boot-starter-parent:3.5.11 @ com.expd.worker:script-log-consumer-worker project:3.5.11

[WARNING] The POM for org.springdoc:springdoc-openapi-starter-webmvc-api:jar:2.8.16 is invalid, transitive dependencies (if any) will not be available: 1 problem was encountered while building the effective model for org.springdoc:springdoc-openapi-starter-webmvc-api:2.8.16
[FATAL] The parents form a cycle: org.springdoc:springdoc-openapi-starter-webmvc-api:2.8.16 -> org.springframework.boot:spring-boot-starter-parent:3.5.11 -> org.springframework.boot:spring-boot-dependencies:3.5.11 -> org.springframework.boot:spring-boot-starter-parent:3.5.11 @ com.expd.worker:script-log-consumer-worker project:3.5.11

[WARNING] The POM for org.springdoc:springdoc-openapi-starter-common:jar:2.8.16 is invalid, transitive dependencies (if any) will not be available: 1 problem was encountered while building the effective model for org.springdoc:springdoc-openapi-starter-common:2.8.16
[FATAL] The parents form a cycle: org.springdoc:springdoc-openapi-starter-common:2.8.16 -> org.springframework.boot:spring-boot-starter-parent:3.5.11 -> org.springframework.boot:spring-boot-dependencies:3.5.11 -> org.springframework.boot:spring-boot-starter-parent:3.5.11 @ com.expd.worker:script-log-consumer-worker project:3.5.11

[INFO] 
[INFO] --- resources:3.3.1:resources (default-resources) @ ftehc ---
[INFO] Copying 3 resources from src\main\resources to target\classes
[INFO] Copying 0 resource from src\main\resources to target\classes
[INFO] 
[INFO] --- resources:3.3.1:copy-resources (copy-frontend-browser-dist) @ ftehc ---
[INFO] Copying 63 resources from client\dist\school-portal-frontend\browser to target\classes\static
[INFO] 
[INFO] --- compiler:3.14.1:compile (default-compile) @ ftehc ---
[INFO] Nothing to compile - all classes are up to date.
[INFO] 
[INFO] --- resources:3.3.1:testResources (default-testResources) @ ftehc ---
[INFO] skip non existing resourceDirectory C:\Users\chq-berehanet\DBKG\FTEHC-School\src\test\resources
[INFO] 
[INFO] --- compiler:3.14.1:testCompile (default-testCompile) @ ftehc ---
[INFO] Nothing to compile - all classes are up to date.
[INFO] 
[INFO] <<< spring-boot:3.5.14:run (default-cli) < test-compile @ ftehc <<<
[INFO] 
[INFO] 
[INFO] --- spring-boot:3.5.14:run (default-cli) @ ftehc ---
[INFO] Attaching agents: []

  .   ____          _            __ _ _
 /\\ / ___'_ __ _ _(_)_ __  __ _ \ \ \ \
( ( )\___ | '_ | '_| | '_ \/ _` | \ \ \ \
 \\/  ___)| |_)| | | | | || (_| |  ) ) ) )
  '  |____| .__|_| |_|_| |_\__, | / / / /
 =========|_|==============|___/=/_/_/_/

 :: Spring Boot ::               (v3.5.14)

2026-05-21T16:50:27.782-07:00  INFO 37716 --- [ftehc] [           main] com.ftehc.ftehc.FtehcApplication         : Starting FtehcApplication using Java 17.0.12 with PID 37716 (C:\Users\chq-berehanet\DBKG\FTEHC-School\target\classes started by chq-berehanet in C:\Users\chq-berehanet\DBKG\FTEHC-School)
2026-05-21T16:50:27.787-07:00  INFO 37716 --- [ftehc] [           main] com.ftehc.ftehc.FtehcApplication         : The following 1 profile is active: "local"
2026-05-21T16:50:30.018-07:00  INFO 37716 --- [ftehc] [           main] .s.d.r.c.RepositoryConfigurationDelegate : Bootstrapping Spring Data MongoDB repositories in DEFAULT mode.
2026-05-21T16:50:30.216-07:00  INFO 37716 --- [ftehc] [           main] .s.d.r.c.RepositoryConfigurationDelegate : Finished Spring Data repository scanning in 183 ms. Found 14 MongoDB repository interfaces.
2026-05-21T16:50:31.533-07:00  INFO 37716 --- [ftehc] [           main] o.s.b.w.embedded.tomcat.TomcatWebServer  : Tomcat initialized with port 8080 (http)
2026-05-21T16:50:31.558-07:00  INFO 37716 --- [ftehc] [           main] o.apache.catalina.core.StandardService   : Starting service [Tomcat]
2026-05-21T16:50:31.559-07:00  INFO 37716 --- [ftehc] [           main] o.apache.catalina.core.StandardEngine    : Starting Servlet engine: [Apache Tomcat/10.1.54]
2026-05-21T16:50:31.687-07:00  INFO 37716 --- [ftehc] [           main] o.a.c.c.C.[Tomcat].[localhost].[/]       : Initializing Spring embedded WebApplicationContext
2026-05-21T16:50:31.689-07:00  INFO 37716 --- [ftehc] [           main] w.s.c.ServletWebServerApplicationContext : Root WebApplicationContext: initialization completed in 3831 ms
2026-05-21T16:50:32.476-07:00  INFO 37716 --- [ftehc] [           main] org.mongodb.driver.client                : MongoClient with metadata {"driver": {"name": "mongo-java-driver|sync|spring-boot", "version": "5.5.2"}, "os": {"type": "Windows", "name": "Windows 11", "architecture": "amd64", "version": "10.0"}, "platform": "Java/Azul Systems, Inc./17.0.12+7-LTS"} created with settings MongoClientSettings{readPreference=primary, writeConcern=WriteConcern{w=null, wTimeout=null ms, journal=null}, retryWrites=true, retryReads=true, readConcern=ReadConcern{level=null}, credential=null, transportSettings=null, commandListeners=[io.micrometer.core.instrument.binder.mongodb.MongoMetricsCommandListener@72224107], codecRegistry=ProvidersCodecRegistry{codecProviders=[ValueCodecProvider{}, BsonValueCodecProvider{}, DBRefCodecProvider{}, DBObjectCodecProvider{}, DocumentCodecProvider{}, CollectionCodecProvider{}, IterableCodecProvider{}, MapCodecProvider{}, GeoJsonCodecProvider{}, GridFSFileCodecProvider{}, Jsr310CodecProvider{}, JsonObjectCodecProvider{}, BsonCodecProvider{}, EnumCodecProvider{}, com.mongodb.client.model.mql.ExpressionCodecProvider@39ace1a7, com.mongodb.Jep395RecordCodecProvider@1930a804, com.mongodb.KotlinCodecProvider@bd4ee01]}, loggerSettings=LoggerSettings{maxDocumentLength=1000}, clusterSettings={hosts=[localhost:27017], srvServiceName=mongodb, mode=SINGLE, requiredClusterType=UNKNOWN, requiredReplicaSetName='null', serverSelector='null', clusterListeners='[]', serverSelectionTimeout='30000 ms', localThreshold='15 ms'}, socketSettings=SocketSettings{connectTimeoutMS=10000, readTimeoutMS=0, receiveBufferSize=0, proxySettings=ProxySettings{host=null, port=null, username=null, password=null}}, heartbeatSocketSettings=SocketSettings{connectTimeoutMS=10000, readTimeoutMS=10000, receiveBufferSize=0, proxySettings=ProxySettings{host=null, port=null, username=null, password=null}}, connectionPoolSettings=ConnectionPoolSettings{maxSize=100, minSize=0, maxWaitTimeMS=120000, maxConnectionLifeTimeMS=0, maxConnectionIdleTimeMS=0, maintenanceInitialDelayMS=0, maintenanceFrequencyMS=60000, connectionPoolListeners=[io.micrometer.core.instrument.binder.mongodb.MongoMetricsConnectionPoolListener@1af677f8], maxConnecting=2}, serverSettings=ServerSettings{heartbeatFrequencyMS=10000, minHeartbeatFrequencyMS=500, serverMonitoringMode=AUTO, serverListeners='[]', serverMonitorListeners='[]'}, sslSettings=SslSettings{enabled=false, invalidHostNameAllowed=false, context=null}, applicationName='null', compressorList=[], uuidRepresentation=JAVA_LEGACY, serverApi=null, autoEncryptionSettings=null, dnsClient=null, inetAddressResolver=null, contextProvider=null, timeoutMS=null}
2026-05-21T16:50:32.514-07:00  INFO 37716 --- [ftehc] [localhost:27017] org.mongodb.driver.cluster               : Monitor thread successfully connected to server with description ServerDescription{address=localhost:27017, type=STANDALONE, cryptd=false, state=CONNECTED, ok=true, minWireVersion=0, maxWireVersion=17, maxDocumentSize=16777216, logicalSessionTimeoutMinutes=30, roundTripTimeNanos=41079200, minRoundTripTimeNanos=0}
2026-05-21T16:50:33.877-07:00  INFO 37716 --- [ftehc] [           main] o.s.b.a.w.s.WelcomePageHandlerMapping    : Adding welcome page: class path resource [static/index.html]
2026-05-21T16:50:34.398-07:00  INFO 37716 --- [ftehc] [           main] o.s.b.a.e.web.EndpointLinksResolver      : Exposing 2 endpoints beneath base path '/actuator'
2026-05-21T16:50:34.506-07:00  WARN 37716 --- [ftehc] [           main] .s.s.UserDetailsServiceAutoConfiguration : 

Using generated security password: 93081824-3075-43f5-9ac3-09e4cdce8087

This generated password is for development use only. Your security configuration must be updated before running your application in production.

2026-05-21T16:50:34.532-07:00  INFO 37716 --- [ftehc] [           main] r$InitializeUserDetailsManagerConfigurer : Global AuthenticationManager configured with UserDetailsService bean with name inMemoryUserDetailsManager
2026-05-21T16:50:35.482-07:00  INFO 37716 --- [ftehc] [           main] o.s.b.w.embedded.tomcat.TomcatWebServer  : Tomcat started on port 8080 (http) with context path '/'
2026-05-21T16:50:35.517-07:00  INFO 37716 --- [ftehc] [           main] com.ftehc.ftehc.FtehcApplication         : Started FtehcApplication in 8.438 seconds (process running for 9.788)
2026-05-21T16:50:35.781-07:00  WARN 37716 --- [ftehc] [           main] o.s.core.events.SpringDocAppInitializer  : SpringDoc /v3/api-docs endpoint is enabled by default. To disable it in production, set the property 'springdoc.api-docs.enabled=false'
2026-05-21T16:50:35.783-07:00  WARN 37716 --- [ftehc] [           main] o.s.core.events.SpringDocAppInitializer  : SpringDoc /swagger-ui.html endpoint is enabled by default. To disable it in production, set the property 'springdoc.swagger-ui.enabled=false'
2026-05-21T16:50:35.952-07:00  INFO 37716 --- [ftehc] [nio-8080-exec-1] o.a.c.c.C.[Tomcat].[localhost].[/]       : Initializing Spring DispatcherServlet 'dispatcherServlet'
2026-05-21T16:50:35.952-07:00  INFO 37716 --- [ftehc] [nio-8080-exec-1] o.s.web.servlet.DispatcherServlet        : Initializing Servlet 'dispatcherServlet'
2026-05-21T16:50:35.954-07:00  INFO 37716 --- [ftehc] [nio-8080-exec-1] o.s.web.servlet.DispatcherServlet        : Completed initialization in 2 ms
[INFO] Scanning for projects...
[INFO] 
[INFO] --------------------------< com.ftehc:ftehc >---------------------------
[INFO] Building  0.0.1-SNAPSHOT
[INFO]   from pom.xml
[INFO] --------------------------------[ jar ]---------------------------------
[INFO] 
[INFO] >>> spring-boot:3.5.14:run (default-cli) > test-compile @ ftehc >>>
[WARNING] The POM for org.springdoc:springdoc-openapi-starter-webmvc-ui:jar:2.8.16 is invalid, transitive dependencies (if any) will not be available: 1 problem was encountered while building the effective model for org.springdoc:springdoc-openapi-starter-webmvc-ui:2.8.16
[FATAL] The parents form a cycle: org.springdoc:springdoc-openapi-starter-webmvc-ui:2.8.16 -> org.springframework.boot:spring-boot-starter-parent:3.5.11 -> org.springframework.boot:spring-boot-dependencies:3.5.11 -> org.springframework.boot:spring-boot-starter-parent:3.5.11 @ com.expd.worker:script-log-consumer-worker project:3.5.11

[WARNING] The POM for org.springdoc:springdoc-openapi-starter-webmvc-api:jar:2.8.16 is invalid, transitive dependencies (if any) will not be available: 1 problem was encountered while building the effective model for org.springdoc:springdoc-openapi-starter-webmvc-api:2.8.16
[FATAL] The parents form a cycle: org.springdoc:springdoc-openapi-starter-webmvc-api:2.8.16 -> org.springframework.boot:spring-boot-starter-parent:3.5.11 -> org.springframework.boot:spring-boot-dependencies:3.5.11 -> org.springframework.boot:spring-boot-starter-parent:3.5.11 @ com.expd.worker:script-log-consumer-worker project:3.5.11

[WARNING] The POM for org.springdoc:springdoc-openapi-starter-common:jar:2.8.16 is invalid, transitive dependencies (if any) will not be available: 1 problem was encountered while building the effective model for org.springdoc:springdoc-openapi-starter-common:2.8.16
[FATAL] The parents form a cycle: org.springdoc:springdoc-openapi-starter-common:2.8.16 -> org.springframework.boot:spring-boot-starter-parent:3.5.11 -> org.springframework.boot:spring-boot-dependencies:3.5.11 -> org.springframework.boot:spring-boot-starter-parent:3.5.11 @ com.expd.worker:script-log-consumer-worker project:3.5.11

[INFO] 
[INFO] --- resources:3.3.1:resources (default-resources) @ ftehc ---
[INFO] Copying 3 resources from src\main\resources to target\classes
[INFO] Copying 0 resource from src\main\resources to target\classes
[INFO] 
[INFO] --- resources:3.3.1:copy-resources (copy-frontend-browser-dist) @ ftehc ---
[INFO] Copying 63 resources from client\dist\school-portal-frontend\browser to target\classes\static
[INFO] 
[INFO] --- compiler:3.14.1:compile (default-compile) @ ftehc ---
[INFO] Nothing to compile - all classes are up to date.
[INFO] 
[INFO] --- resources:3.3.1:testResources (default-testResources) @ ftehc ---
[INFO] skip non existing resourceDirectory C:\Users\chq-berehanet\DBKG\FTEHC-School\src\test\resources
[INFO] 
[INFO] --- compiler:3.14.1:testCompile (default-testCompile) @ ftehc ---
[INFO] Nothing to compile - all classes are up to date.
[INFO] 
[INFO] <<< spring-boot:3.5.14:run (default-cli) < test-compile @ ftehc <<<
[INFO] 
[INFO] 
[INFO] --- spring-boot:3.5.14:run (default-cli) @ ftehc ---
[INFO] Attaching agents: []

  .   ____          _            __ _ _
 /\\ / ___'_ __ _ _(_)_ __  __ _ \ \ \ \
( ( )\___ | '_ | '_| | '_ \/ _` | \ \ \ \
 \\/  ___)| |_)| | | | | || (_| |  ) ) ) )
  '  |____| .__|_| |_|_| |_\__, | / / / /
 =========|_|==============|___/=/_/_/_/

 :: Spring Boot ::               (v3.5.14)

2026-05-21T16:52:34.118-07:00  INFO 36276 --- [ftehc] [           main] com.ftehc.ftehc.FtehcApplication         : Starting FtehcApplication using Java 17.0.12 with PID 36276 (C:\Users\chq-berehanet\DBKG\FTEHC-School\target\classes started by chq-berehanet in C:\Users\chq-berehanet\DBKG\FTEHC-School)
2026-05-21T16:52:34.121-07:00  INFO 36276 --- [ftehc] [           main] com.ftehc.ftehc.FtehcApplication         : The following 1 profile is active: "local"
2026-05-21T16:52:35.525-07:00  INFO 36276 --- [ftehc] [           main] .s.d.r.c.RepositoryConfigurationDelegate : Bootstrapping Spring Data MongoDB repositories in DEFAULT mode.
2026-05-21T16:52:35.608-07:00  INFO 36276 --- [ftehc] [           main] .s.d.r.c.RepositoryConfigurationDelegate : Finished Spring Data repository scanning in 75 ms. Found 14 MongoDB repository interfaces.
2026-05-21T16:52:36.314-07:00  INFO 36276 --- [ftehc] [           main] o.s.b.w.embedded.tomcat.TomcatWebServer  : Tomcat initialized with port 8080 (http)
2026-05-21T16:52:36.329-07:00  INFO 36276 --- [ftehc] [           main] o.apache.catalina.core.StandardService   : Starting service [Tomcat]
2026-05-21T16:52:36.329-07:00  INFO 36276 --- [ftehc] [           main] o.apache.catalina.core.StandardEngine    : Starting Servlet engine: [Apache Tomcat/10.1.54]
2026-05-21T16:52:36.414-07:00  INFO 36276 --- [ftehc] [           main] o.a.c.c.C.[Tomcat].[localhost].[/]       : Initializing Spring embedded WebApplicationContext
2026-05-21T16:52:36.415-07:00  INFO 36276 --- [ftehc] [           main] w.s.c.ServletWebServerApplicationContext : Root WebApplicationContext: initialization completed in 2249 ms
2026-05-21T16:52:36.811-07:00  INFO 36276 --- [ftehc] [           main] org.mongodb.driver.client                : MongoClient with metadata {"driver": {"name": "mongo-java-driver|sync|spring-boot", "version": "5.5.2"}, "os": {"type": "Windows", "name": "Windows 11", "architecture": "amd64", "version": "10.0"}, "platform": "Java/Azul Systems, Inc./17.0.12+7-LTS"} created with settings MongoClientSettings{readPreference=primary, writeConcern=WriteConcern{w=null, wTimeout=null ms, journal=null}, retryWrites=true, retryReads=true, readConcern=ReadConcern{level=null}, credential=null, transportSettings=null, commandListeners=[io.micrometer.core.instrument.binder.mongodb.MongoMetricsCommandListener@72224107], codecRegistry=ProvidersCodecRegistry{codecProviders=[ValueCodecProvider{}, BsonValueCodecProvider{}, DBRefCodecProvider{}, DBObjectCodecProvider{}, DocumentCodecProvider{}, CollectionCodecProvider{}, IterableCodecProvider{}, MapCodecProvider{}, GeoJsonCodecProvider{}, GridFSFileCodecProvider{}, Jsr310CodecProvider{}, JsonObjectCodecProvider{}, BsonCodecProvider{}, EnumCodecProvider{}, com.mongodb.client.model.mql.ExpressionCodecProvider@39ace1a7, com.mongodb.Jep395RecordCodecProvider@1930a804, com.mongodb.KotlinCodecProvider@bd4ee01]}, loggerSettings=LoggerSettings{maxDocumentLength=1000}, clusterSettings={hosts=[localhost:27017], srvServiceName=mongodb, mode=SINGLE, requiredClusterType=UNKNOWN, requiredReplicaSetName='null', serverSelector='null', clusterListeners='[]', serverSelectionTimeout='30000 ms', localThreshold='15 ms'}, socketSettings=SocketSettings{connectTimeoutMS=10000, readTimeoutMS=0, receiveBufferSize=0, proxySettings=ProxySettings{host=null, port=null, username=null, password=null}}, heartbeatSocketSettings=SocketSettings{connectTimeoutMS=10000, readTimeoutMS=10000, receiveBufferSize=0, proxySettings=ProxySettings{host=null, port=null, username=null, password=null}}, connectionPoolSettings=ConnectionPoolSettings{maxSize=100, minSize=0, maxWaitTimeMS=120000, maxConnectionLifeTimeMS=0, maxConnectionIdleTimeMS=0, maintenanceInitialDelayMS=0, maintenanceFrequencyMS=60000, connectionPoolListeners=[io.micrometer.core.instrument.binder.mongodb.MongoMetricsConnectionPoolListener@1af677f8], maxConnecting=2}, serverSettings=ServerSettings{heartbeatFrequencyMS=10000, minHeartbeatFrequencyMS=500, serverMonitoringMode=AUTO, serverListeners='[]', serverMonitorListeners='[]'}, sslSettings=SslSettings{enabled=false, invalidHostNameAllowed=false, context=null}, applicationName='null', compressorList=[], uuidRepresentation=JAVA_LEGACY, serverApi=null, autoEncryptionSettings=null, dnsClient=null, inetAddressResolver=null, contextProvider=null, timeoutMS=null}
2026-05-21T16:52:36.843-07:00  INFO 36276 --- [ftehc] [localhost:27017] org.mongodb.driver.cluster               : Monitor thread successfully connected to server with description ServerDescription{address=localhost:27017, type=STANDALONE, cryptd=false, state=CONNECTED, ok=true, minWireVersion=0, maxWireVersion=17, maxDocumentSize=16777216, logicalSessionTimeoutMinutes=30, roundTripTimeNanos=23818800, minRoundTripTimeNanos=0}
2026-05-21T16:52:37.537-07:00  INFO 36276 --- [ftehc] [           main] o.s.b.a.w.s.WelcomePageHandlerMapping    : Adding welcome page: class path resource [static/index.html]
2026-05-21T16:52:37.816-07:00  INFO 36276 --- [ftehc] [           main] o.s.b.a.e.web.EndpointLinksResolver      : Exposing 2 endpoints beneath base path '/actuator'
2026-05-21T16:52:37.854-07:00  WARN 36276 --- [ftehc] [           main] .s.s.UserDetailsServiceAutoConfiguration : 

Using generated security password: 30d62b9e-6443-4ea6-994b-d21ed7d34748

This generated password is for development use only. Your security configuration must be updated before running your application in production.

2026-05-21T16:52:37.862-07:00  INFO 36276 --- [ftehc] [           main] r$InitializeUserDetailsManagerConfigurer : Global AuthenticationManager configured with UserDetailsService bean with name inMemoryUserDetailsManager
2026-05-21T16:52:38.293-07:00  INFO 36276 --- [ftehc] [           main] o.s.b.w.embedded.tomcat.TomcatWebServer  : Tomcat started on port 8080 (http) with context path '/'
2026-05-21T16:52:38.312-07:00  INFO 36276 --- [ftehc] [           main] com.ftehc.ftehc.FtehcApplication         : Started FtehcApplication in 4.977 seconds (process running for 5.784)
2026-05-21T16:52:38.425-07:00  WARN 36276 --- [ftehc] [           main] o.s.core.events.SpringDocAppInitializer  : SpringDoc /v3/api-docs endpoint is enabled by default. To disable it in production, set the property 'springdoc.api-docs.enabled=false'
2026-05-21T16:52:38.426-07:00  WARN 36276 --- [ftehc] [           main] o.s.core.events.SpringDocAppInitializer  : SpringDoc /swagger-ui.html endpoint is enabled by default. To disable it in production, set the property 'springdoc.swagger-ui.enabled=false'
2026-05-21T16:52:38.883-07:00  INFO 36276 --- [ftehc] [nio-8080-exec-1] o.a.c.c.C.[Tomcat].[localhost].[/]       : Initializing Spring DispatcherServlet 'dispatcherServlet'
2026-05-21T16:52:38.883-07:00  INFO 36276 --- [ftehc] [nio-8080-exec-1] o.s.web.servlet.DispatcherServlet        : Initializing Servlet 'dispatcherServlet'
2026-05-21T16:52:38.885-07:00  INFO 36276 --- [ftehc] [nio-8080-exec-1] o.s.web.servlet.DispatcherServlet        : Completed initialization in 2 ms
[INFO] Scanning for projects...
[INFO] 
[INFO] --------------------------< com.ftehc:ftehc >---------------------------
[INFO] Building  0.0.1-SNAPSHOT
[INFO]   from pom.xml
[INFO] --------------------------------[ jar ]---------------------------------
[INFO] 
[INFO] >>> spring-boot:3.5.14:run (default-cli) > test-compile @ ftehc >>>
[WARNING] The POM for org.springdoc:springdoc-openapi-starter-webmvc-ui:jar:2.8.16 is invalid, transitive dependencies (if any) will not be available: 1 problem was encountered while building the effective model for org.springdoc:springdoc-openapi-starter-webmvc-ui:2.8.16
[FATAL] The parents form a cycle: org.springdoc:springdoc-openapi-starter-webmvc-ui:2.8.16 -> org.springframework.boot:spring-boot-starter-parent:3.5.11 -> org.springframework.boot:spring-boot-dependencies:3.5.11 -> org.springframework.boot:spring-boot-starter-parent:3.5.11 @ com.expd.worker:script-log-consumer-worker project:3.5.11

[WARNING] The POM for org.springdoc:springdoc-openapi-starter-webmvc-api:jar:2.8.16 is invalid, transitive dependencies (if any) will not be available: 1 problem was encountered while building the effective model for org.springdoc:springdoc-openapi-starter-webmvc-api:2.8.16
[FATAL] The parents form a cycle: org.springdoc:springdoc-openapi-starter-webmvc-api:2.8.16 -> org.springframework.boot:spring-boot-starter-parent:3.5.11 -> org.springframework.boot:spring-boot-dependencies:3.5.11 -> org.springframework.boot:spring-boot-starter-parent:3.5.11 @ com.expd.worker:script-log-consumer-worker project:3.5.11

[WARNING] The POM for org.springdoc:springdoc-openapi-starter-common:jar:2.8.16 is invalid, transitive dependencies (if any) will not be available: 1 problem was encountered while building the effective model for org.springdoc:springdoc-openapi-starter-common:2.8.16
[FATAL] The parents form a cycle: org.springdoc:springdoc-openapi-starter-common:2.8.16 -> org.springframework.boot:spring-boot-starter-parent:3.5.11 -> org.springframework.boot:spring-boot-dependencies:3.5.11 -> org.springframework.boot:spring-boot-starter-parent:3.5.11 @ com.expd.worker:script-log-consumer-worker project:3.5.11

[INFO] 
[INFO] --- resources:3.3.1:resources (default-resources) @ ftehc ---
[INFO] Copying 3 resources from src\main\resources to target\classes
[INFO] Copying 0 resource from src\main\resources to target\classes
[INFO] 
[INFO] --- resources:3.3.1:copy-resources (copy-frontend-browser-dist) @ ftehc ---
[INFO] Copying 63 resources from client\dist\school-portal-frontend\browser to target\classes\static
[INFO] 
[INFO] --- compiler:3.14.1:compile (default-compile) @ ftehc ---
[INFO] Nothing to compile - all classes are up to date.
[INFO] 
[INFO] --- resources:3.3.1:testResources (default-testResources) @ ftehc ---
[INFO] skip non existing resourceDirectory C:\Users\chq-berehanet\DBKG\FTEHC-School\src\test\resources
[INFO] 
[INFO] --- compiler:3.14.1:testCompile (default-testCompile) @ ftehc ---
[INFO] Nothing to compile - all classes are up to date.
[INFO] 
[INFO] <<< spring-boot:3.5.14:run (default-cli) < test-compile @ ftehc <<<
[INFO] 
[INFO] 
[INFO] --- spring-boot:3.5.14:run (default-cli) @ ftehc ---
[INFO] Attaching agents: []

  .   ____          _            __ _ _
 /\\ / ___'_ __ _ _(_)_ __  __ _ \ \ \ \
( ( )\___ | '_ | '_| | '_ \/ _` | \ \ \ \
 \\/  ___)| |_)| | | | | || (_| |  ) ) ) )
  '  |____| .__|_| |_|_| |_\__, | / / / /
 =========|_|==============|___/=/_/_/_/

 :: Spring Boot ::               (v3.5.14)

2026-05-21T17:10:16.350-07:00  INFO 26016 --- [ftehc] [           main] com.ftehc.ftehc.FtehcApplication         : Starting FtehcApplication using Java 17.0.12 with PID 26016 (C:\Users\chq-berehanet\DBKG\FTEHC-School\target\classes started by chq-berehanet in C:\Users\chq-berehanet\DBKG\FTEHC-School)
2026-05-21T17:10:16.353-07:00  INFO 26016 --- [ftehc] [           main] com.ftehc.ftehc.FtehcApplication         : The following 1 profile is active: "local"
2026-05-21T17:10:17.280-07:00  INFO 26016 --- [ftehc] [           main] .s.d.r.c.RepositoryConfigurationDelegate : Bootstrapping Spring Data MongoDB repositories in DEFAULT mode.
2026-05-21T17:10:17.348-07:00  INFO 26016 --- [ftehc] [           main] .s.d.r.c.RepositoryConfigurationDelegate : Finished Spring Data repository scanning in 62 ms. Found 14 MongoDB repository interfaces.
2026-05-21T17:10:17.784-07:00  INFO 26016 --- [ftehc] [           main] o.s.b.w.embedded.tomcat.TomcatWebServer  : Tomcat initialized with port 8080 (http)
2026-05-21T17:10:17.792-07:00  INFO 26016 --- [ftehc] [           main] o.apache.catalina.core.StandardService   : Starting service [Tomcat]
2026-05-21T17:10:17.793-07:00  INFO 26016 --- [ftehc] [           main] o.apache.catalina.core.StandardEngine    : Starting Servlet engine: [Apache Tomcat/10.1.54]
2026-05-21T17:10:17.855-07:00  INFO 26016 --- [ftehc] [           main] o.a.c.c.C.[Tomcat].[localhost].[/]       : Initializing Spring embedded WebApplicationContext
2026-05-21T17:10:17.856-07:00  INFO 26016 --- [ftehc] [           main] w.s.c.ServletWebServerApplicationContext : Root WebApplicationContext: initialization completed in 1471 ms
2026-05-21T17:10:18.132-07:00  INFO 26016 --- [ftehc] [           main] org.mongodb.driver.client                : MongoClient with metadata {"driver": {"name": "mongo-java-driver|sync|spring-boot", "version": "5.5.2"}, "os": {"type": "Windows", "name": "Windows 11", "architecture": "amd64", "version": "10.0"}, "platform": "Java/Azul Systems, Inc./17.0.12+7-LTS"} created with settings MongoClientSettings{readPreference=primary, writeConcern=WriteConcern{w=null, wTimeout=null ms, journal=null}, retryWrites=true, retryReads=true, readConcern=ReadConcern{level=null}, credential=null, transportSettings=null, commandListeners=[io.micrometer.core.instrument.binder.mongodb.MongoMetricsCommandListener@28554ac8], codecRegistry=ProvidersCodecRegistry{codecProviders=[ValueCodecProvider{}, BsonValueCodecProvider{}, DBRefCodecProvider{}, DBObjectCodecProvider{}, DocumentCodecProvider{}, CollectionCodecProvider{}, IterableCodecProvider{}, MapCodecProvider{}, GeoJsonCodecProvider{}, GridFSFileCodecProvider{}, Jsr310CodecProvider{}, JsonObjectCodecProvider{}, BsonCodecProvider{}, EnumCodecProvider{}, com.mongodb.client.model.mql.ExpressionCodecProvider@76af51d6, com.mongodb.Jep395RecordCodecProvider@39ace1a7, com.mongodb.KotlinCodecProvider@1930a804]}, loggerSettings=LoggerSettings{maxDocumentLength=1000}, clusterSettings={hosts=[localhost:27017], srvServiceName=mongodb, mode=SINGLE, requiredClusterType=UNKNOWN, requiredReplicaSetName='null', serverSelector='null', clusterListeners='[]', serverSelectionTimeout='30000 ms', localThreshold='15 ms'}, socketSettings=SocketSettings{connectTimeoutMS=10000, readTimeoutMS=0, receiveBufferSize=0, proxySettings=ProxySettings{host=null, port=null, username=null, password=null}}, heartbeatSocketSettings=SocketSettings{connectTimeoutMS=10000, readTimeoutMS=10000, receiveBufferSize=0, proxySettings=ProxySettings{host=null, port=null, username=null, password=null}}, connectionPoolSettings=ConnectionPoolSettings{maxSize=100, minSize=0, maxWaitTimeMS=120000, maxConnectionLifeTimeMS=0, maxConnectionIdleTimeMS=0, maintenanceInitialDelayMS=0, maintenanceFrequencyMS=60000, connectionPoolListeners=[io.micrometer.core.instrument.binder.mongodb.MongoMetricsConnectionPoolListener@27bc1d44], maxConnecting=2}, serverSettings=ServerSettings{heartbeatFrequencyMS=10000, minHeartbeatFrequencyMS=500, serverMonitoringMode=AUTO, serverListeners='[]', serverMonitorListeners='[]'}, sslSettings=SslSettings{enabled=false, invalidHostNameAllowed=false, context=null}, applicationName='null', compressorList=[], uuidRepresentation=JAVA_LEGACY, serverApi=null, autoEncryptionSettings=null, dnsClient=null, inetAddressResolver=null, contextProvider=null, timeoutMS=null}
2026-05-21T17:10:18.176-07:00  INFO 26016 --- [ftehc] [localhost:27017] org.mongodb.driver.cluster               : Monitor thread successfully connected to server with description ServerDescription{address=localhost:27017, type=STANDALONE, cryptd=false, state=CONNECTED, ok=true, minWireVersion=0, maxWireVersion=17, maxDocumentSize=16777216, logicalSessionTimeoutMinutes=30, roundTripTimeNanos=20116400, minRoundTripTimeNanos=0}
2026-05-21T17:10:18.721-07:00  INFO 26016 --- [ftehc] [           main] o.s.b.a.w.s.WelcomePageHandlerMapping    : Adding welcome page: class path resource [static/index.html]
2026-05-21T17:10:18.950-07:00  INFO 26016 --- [ftehc] [           main] o.s.b.a.e.web.EndpointLinksResolver      : Exposing 2 endpoints beneath base path '/actuator'
2026-05-21T17:10:18.988-07:00  WARN 26016 --- [ftehc] [           main] .s.s.UserDetailsServiceAutoConfiguration : 

Using generated security password: 2a0e2e0d-8b09-4afa-87c7-99ef3b16ee08

This generated password is for development use only. Your security configuration must be updated before running your application in production.

2026-05-21T17:10:18.994-07:00  INFO 26016 --- [ftehc] [           main] r$InitializeUserDetailsManagerConfigurer : Global AuthenticationManager configured with UserDetailsService bean with name inMemoryUserDetailsManager
2026-05-21T17:10:19.363-07:00  INFO 26016 --- [ftehc] [           main] o.s.b.w.embedded.tomcat.TomcatWebServer  : Tomcat started on port 8080 (http) with context path '/'
2026-05-21T17:10:19.377-07:00  INFO 26016 --- [ftehc] [           main] com.ftehc.ftehc.FtehcApplication         : Started FtehcApplication in 3.36 seconds (process running for 4.043)
2026-05-21T17:10:19.470-07:00  WARN 26016 --- [ftehc] [           main] o.s.core.events.SpringDocAppInitializer  : SpringDoc /v3/api-docs endpoint is enabled by default. To disable it in production, set the property 'springdoc.api-docs.enabled=false'
2026-05-21T17:10:19.471-07:00  WARN 26016 --- [ftehc] [           main] o.s.core.events.SpringDocAppInitializer  : SpringDoc /swagger-ui.html endpoint is enabled by default. To disable it in production, set the property 'springdoc.swagger-ui.enabled=false'
2026-05-21T17:10:19.869-07:00  INFO 26016 --- [ftehc] [nio-8080-exec-1] o.a.c.c.C.[Tomcat].[localhost].[/]       : Initializing Spring DispatcherServlet 'dispatcherServlet'
2026-05-21T17:10:19.869-07:00  INFO 26016 --- [ftehc] [nio-8080-exec-1] o.s.web.servlet.DispatcherServlet        : Initializing Servlet 'dispatcherServlet'
2026-05-21T17:10:19.870-07:00  INFO 26016 --- [ftehc] [nio-8080-exec-1] o.s.web.servlet.DispatcherServlet        : Completed initialization in 1 ms
[INFO] Scanning for projects...
[INFO] 
[INFO] --------------------------< com.ftehc:ftehc >---------------------------
[INFO] Building  0.0.1-SNAPSHOT
[INFO]   from pom.xml
[INFO] --------------------------------[ jar ]---------------------------------
[INFO] 
[INFO] >>> spring-boot:3.5.14:run (default-cli) > test-compile @ ftehc >>>
[WARNING] The POM for org.springdoc:springdoc-openapi-starter-webmvc-ui:jar:2.8.16 is invalid, transitive dependencies (if any) will not be available: 1 problem was encountered while building the effective model for org.springdoc:springdoc-openapi-starter-webmvc-ui:2.8.16
[FATAL] The parents form a cycle: org.springdoc:springdoc-openapi-starter-webmvc-ui:2.8.16 -> org.springframework.boot:spring-boot-starter-parent:3.5.11 -> org.springframework.boot:spring-boot-dependencies:3.5.11 -> org.springframework.boot:spring-boot-starter-parent:3.5.11 @ com.expd.worker:script-log-consumer-worker project:3.5.11

[WARNING] The POM for org.springdoc:springdoc-openapi-starter-webmvc-api:jar:2.8.16 is invalid, transitive dependencies (if any) will not be available: 1 problem was encountered while building the effective model for org.springdoc:springdoc-openapi-starter-webmvc-api:2.8.16
[FATAL] The parents form a cycle: org.springdoc:springdoc-openapi-starter-webmvc-api:2.8.16 -> org.springframework.boot:spring-boot-starter-parent:3.5.11 -> org.springframework.boot:spring-boot-dependencies:3.5.11 -> org.springframework.boot:spring-boot-starter-parent:3.5.11 @ com.expd.worker:script-log-consumer-worker project:3.5.11

[WARNING] The POM for org.springdoc:springdoc-openapi-starter-common:jar:2.8.16 is invalid, transitive dependencies (if any) will not be available: 1 problem was encountered while building the effective model for org.springdoc:springdoc-openapi-starter-common:2.8.16
[FATAL] The parents form a cycle: org.springdoc:springdoc-openapi-starter-common:2.8.16 -> org.springframework.boot:spring-boot-starter-parent:3.5.11 -> org.springframework.boot:spring-boot-dependencies:3.5.11 -> org.springframework.boot:spring-boot-starter-parent:3.5.11 @ com.expd.worker:script-log-consumer-worker project:3.5.11

[INFO] 
[INFO] --- resources:3.3.1:resources (default-resources) @ ftehc ---
[INFO] Copying 3 resources from src\main\resources to target\classes
[INFO] Copying 0 resource from src\main\resources to target\classes
[INFO] 
[INFO] --- resources:3.3.1:copy-resources (copy-frontend-browser-dist) @ ftehc ---
[INFO] Copying 63 resources from client\dist\school-portal-frontend\browser to target\classes\static
[INFO] 
[INFO] --- compiler:3.14.1:compile (default-compile) @ ftehc ---
[INFO] Nothing to compile - all classes are up to date.
[INFO] 
[INFO] --- resources:3.3.1:testResources (default-testResources) @ ftehc ---
[INFO] skip non existing resourceDirectory C:\Users\chq-berehanet\DBKG\FTEHC-School\src\test\resources
[INFO] 
[INFO] --- compiler:3.14.1:testCompile (default-testCompile) @ ftehc ---
[INFO] Recompiling the module because of changed source code.
[INFO] Compiling 2 source files with javac [debug parameters release 17] to target\test-classes
[INFO] 
[INFO] <<< spring-boot:3.5.14:run (default-cli) < test-compile @ ftehc <<<
[INFO] 
[INFO] 
[INFO] --- spring-boot:3.5.14:run (default-cli) @ ftehc ---
[INFO] Attaching agents: []

  .   ____          _            __ _ _
 /\\ / ___'_ __ _ _(_)_ __  __ _ \ \ \ \
( ( )\___ | '_ | '_| | '_ \/ _` | \ \ \ \
 \\/  ___)| |_)| | | | | || (_| |  ) ) ) )
  '  |____| .__|_| |_|_| |_\__, | / / / /
 =========|_|==============|___/=/_/_/_/

 :: Spring Boot ::               (v3.5.14)

2026-05-21T17:24:42.876-07:00  INFO 30780 --- [ftehc] [           main] com.ftehc.ftehc.FtehcApplication         : Starting FtehcApplication using Java 17.0.12 with PID 30780 (C:\Users\chq-berehanet\DBKG\FTEHC-School\target\classes started by chq-berehanet in C:\Users\chq-berehanet\DBKG\FTEHC-School)
2026-05-21T17:24:42.879-07:00  INFO 30780 --- [ftehc] [           main] com.ftehc.ftehc.FtehcApplication         : The following 1 profile is active: "local"
2026-05-21T17:24:44.008-07:00  INFO 30780 --- [ftehc] [           main] .s.d.r.c.RepositoryConfigurationDelegate : Bootstrapping Spring Data MongoDB repositories in DEFAULT mode.
2026-05-21T17:24:44.090-07:00  INFO 30780 --- [ftehc] [           main] .s.d.r.c.RepositoryConfigurationDelegate : Finished Spring Data repository scanning in 71 ms. Found 14 MongoDB repository interfaces.
2026-05-21T17:24:44.642-07:00  INFO 30780 --- [ftehc] [           main] o.s.b.w.embedded.tomcat.TomcatWebServer  : Tomcat initialized with port 8080 (http)
2026-05-21T17:24:44.654-07:00  INFO 30780 --- [ftehc] [           main] o.apache.catalina.core.StandardService   : Starting service [Tomcat]
2026-05-21T17:24:44.655-07:00  INFO 30780 --- [ftehc] [           main] o.apache.catalina.core.StandardEngine    : Starting Servlet engine: [Apache Tomcat/10.1.54]
2026-05-21T17:24:44.731-07:00  INFO 30780 --- [ftehc] [           main] o.a.c.c.C.[Tomcat].[localhost].[/]       : Initializing Spring embedded WebApplicationContext
2026-05-21T17:24:44.732-07:00  INFO 30780 --- [ftehc] [           main] w.s.c.ServletWebServerApplicationContext : Root WebApplicationContext: initialization completed in 1819 ms
2026-05-21T17:24:45.040-07:00  INFO 30780 --- [ftehc] [           main] org.mongodb.driver.client                : MongoClient with metadata {"driver": {"name": "mongo-java-driver|sync|spring-boot", "version": "5.5.2"}, "os": {"type": "Windows", "name": "Windows 11", "architecture": "amd64", "version": "10.0"}, "platform": "Java/Azul Systems, Inc./17.0.12+7-LTS"} created with settings MongoClientSettings{readPreference=primary, writeConcern=WriteConcern{w=null, wTimeout=null ms, journal=null}, retryWrites=true, retryReads=true, readConcern=ReadConcern{level=null}, credential=null, transportSettings=null, commandListeners=[io.micrometer.core.instrument.binder.mongodb.MongoMetricsCommandListener@314b7945], codecRegistry=ProvidersCodecRegistry{codecProviders=[ValueCodecProvider{}, BsonValueCodecProvider{}, DBRefCodecProvider{}, DBObjectCodecProvider{}, DocumentCodecProvider{}, CollectionCodecProvider{}, IterableCodecProvider{}, MapCodecProvider{}, GeoJsonCodecProvider{}, GridFSFileCodecProvider{}, Jsr310CodecProvider{}, JsonObjectCodecProvider{}, BsonCodecProvider{}, EnumCodecProvider{}, com.mongodb.client.model.mql.ExpressionCodecProvider@7845b21a, com.mongodb.Jep395RecordCodecProvider@51f01535, com.mongodb.KotlinCodecProvider@2321e482]}, loggerSettings=LoggerSettings{maxDocumentLength=1000}, clusterSettings={hosts=[localhost:27017], srvServiceName=mongodb, mode=SINGLE, requiredClusterType=UNKNOWN, requiredReplicaSetName='null', serverSelector='null', clusterListeners='[]', serverSelectionTimeout='30000 ms', localThreshold='15 ms'}, socketSettings=SocketSettings{connectTimeoutMS=10000, readTimeoutMS=0, receiveBufferSize=0, proxySettings=ProxySettings{host=null, port=null, username=null, password=null}}, heartbeatSocketSettings=SocketSettings{connectTimeoutMS=10000, readTimeoutMS=10000, receiveBufferSize=0, proxySettings=ProxySettings{host=null, port=null, username=null, password=null}}, connectionPoolSettings=ConnectionPoolSettings{maxSize=100, minSize=0, maxWaitTimeMS=120000, maxConnectionLifeTimeMS=0, maxConnectionIdleTimeMS=0, maintenanceInitialDelayMS=0, maintenanceFrequencyMS=60000, connectionPoolListeners=[io.micrometer.core.instrument.binder.mongodb.MongoMetricsConnectionPoolListener@762a10b6], maxConnecting=2}, serverSettings=ServerSettings{heartbeatFrequencyMS=10000, minHeartbeatFrequencyMS=500, serverMonitoringMode=AUTO, serverListeners='[]', serverMonitorListeners='[]'}, sslSettings=SslSettings{enabled=false, invalidHostNameAllowed=false, context=null}, applicationName='null', compressorList=[], uuidRepresentation=JAVA_LEGACY, serverApi=null, autoEncryptionSettings=null, dnsClient=null, inetAddressResolver=null, contextProvider=null, timeoutMS=null}
2026-05-21T17:24:45.083-07:00  INFO 30780 --- [ftehc] [localhost:27017] org.mongodb.driver.cluster               : Monitor thread successfully connected to server with description ServerDescription{address=localhost:27017, type=STANDALONE, cryptd=false, state=CONNECTED, ok=true, minWireVersion=0, maxWireVersion=17, maxDocumentSize=16777216, logicalSessionTimeoutMinutes=30, roundTripTimeNanos=24108800, minRoundTripTimeNanos=0}
2026-05-21T17:24:45.624-07:00  INFO 30780 --- [ftehc] [           main] o.s.b.a.w.s.WelcomePageHandlerMapping    : Adding welcome page: class path resource [static/index.html]
2026-05-21T17:24:45.846-07:00  INFO 30780 --- [ftehc] [           main] o.s.b.a.e.web.EndpointLinksResolver      : Exposing 2 endpoints beneath base path '/actuator'
2026-05-21T17:24:45.875-07:00  WARN 30780 --- [ftehc] [           main] .s.s.UserDetailsServiceAutoConfiguration : 

Using generated security password: 28879dc5-0bac-4cbe-9c07-fb63da40a55b

This generated password is for development use only. Your security configuration must be updated before running your application in production.

2026-05-21T17:24:45.882-07:00  INFO 30780 --- [ftehc] [           main] r$InitializeUserDetailsManagerConfigurer : Global AuthenticationManager configured with UserDetailsService bean with name inMemoryUserDetailsManager
2026-05-21T17:24:46.250-07:00  INFO 30780 --- [ftehc] [           main] o.s.b.w.embedded.tomcat.TomcatWebServer  : Tomcat started on port 8080 (http) with context path '/'
2026-05-21T17:24:46.265-07:00  INFO 30780 --- [ftehc] [           main] com.ftehc.ftehc.FtehcApplication         : Started FtehcApplication in 3.717 seconds (process running for 4.488)
2026-05-21T17:24:46.358-07:00  WARN 30780 --- [ftehc] [           main] o.s.core.events.SpringDocAppInitializer  : SpringDoc /v3/api-docs endpoint is enabled by default. To disable it in production, set the property 'springdoc.api-docs.enabled=false'
2026-05-21T17:24:46.359-07:00  WARN 30780 --- [ftehc] [           main] o.s.core.events.SpringDocAppInitializer  : SpringDoc /swagger-ui.html endpoint is enabled by default. To disable it in production, set the property 'springdoc.swagger-ui.enabled=false'
2026-05-21T17:24:46.474-07:00  INFO 30780 --- [ftehc] [nio-8080-exec-1] o.a.c.c.C.[Tomcat].[localhost].[/]       : Initializing Spring DispatcherServlet 'dispatcherServlet'
2026-05-21T17:24:46.474-07:00  INFO 30780 --- [ftehc] [nio-8080-exec-1] o.s.web.servlet.DispatcherServlet        : Initializing Servlet 'dispatcherServlet'
2026-05-21T17:24:46.475-07:00  INFO 30780 --- [ftehc] [nio-8080-exec-1] o.s.web.servlet.DispatcherServlet        : Completed initialization in 1 ms
[INFO] Scanning for projects...
[INFO] 
[INFO] --------------------------< com.ftehc:ftehc >---------------------------
[INFO] Building  0.0.1-SNAPSHOT
[INFO]   from pom.xml
[INFO] --------------------------------[ jar ]---------------------------------
[INFO] 
[INFO] >>> spring-boot:3.5.14:run (default-cli) > test-compile @ ftehc >>>
[WARNING] The POM for org.springdoc:springdoc-openapi-starter-webmvc-ui:jar:2.8.16 is invalid, transitive dependencies (if any) will not be available: 1 problem was encountered while building the effective model for org.springdoc:springdoc-openapi-starter-webmvc-ui:2.8.16
[FATAL] The parents form a cycle: org.springdoc:springdoc-openapi-starter-webmvc-ui:2.8.16 -> org.springframework.boot:spring-boot-starter-parent:3.5.11 -> org.springframework.boot:spring-boot-dependencies:3.5.11 -> org.springframework.boot:spring-boot-starter-parent:3.5.11 @ com.expd.worker:script-log-consumer-worker project:3.5.11

[WARNING] The POM for org.springdoc:springdoc-openapi-starter-webmvc-api:jar:2.8.16 is invalid, transitive dependencies (if any) will not be available: 1 problem was encountered while building the effective model for org.springdoc:springdoc-openapi-starter-webmvc-api:2.8.16
[FATAL] The parents form a cycle: org.springdoc:springdoc-openapi-starter-webmvc-api:2.8.16 -> org.springframework.boot:spring-boot-starter-parent:3.5.11 -> org.springframework.boot:spring-boot-dependencies:3.5.11 -> org.springframework.boot:spring-boot-starter-parent:3.5.11 @ com.expd.worker:script-log-consumer-worker project:3.5.11

[WARNING] The POM for org.springdoc:springdoc-openapi-starter-common:jar:2.8.16 is invalid, transitive dependencies (if any) will not be available: 1 problem was encountered while building the effective model for org.springdoc:springdoc-openapi-starter-common:2.8.16
[FATAL] The parents form a cycle: org.springdoc:springdoc-openapi-starter-common:2.8.16 -> org.springframework.boot:spring-boot-starter-parent:3.5.11 -> org.springframework.boot:spring-boot-dependencies:3.5.11 -> org.springframework.boot:spring-boot-starter-parent:3.5.11 @ com.expd.worker:script-log-consumer-worker project:3.5.11

[INFO] 
[INFO] --- resources:3.3.1:resources (default-resources) @ ftehc ---
[INFO] Copying 3 resources from src\main\resources to target\classes
[INFO] Copying 0 resource from src\main\resources to target\classes
[INFO] 
[INFO] --- resources:3.3.1:copy-resources (copy-frontend-browser-dist) @ ftehc ---
[INFO] Copying 63 resources from client\dist\school-portal-frontend\browser to target\classes\static
[INFO] 
[INFO] --- compiler:3.14.1:compile (default-compile) @ ftehc ---
[INFO] Nothing to compile - all classes are up to date.
[INFO] 
[INFO] --- resources:3.3.1:testResources (default-testResources) @ ftehc ---
[INFO] skip non existing resourceDirectory C:\Users\chq-berehanet\DBKG\FTEHC-School\src\test\resources
[INFO] 
[INFO] --- compiler:3.14.1:testCompile (default-testCompile) @ ftehc ---
[INFO] Nothing to compile - all classes are up to date.
[INFO] 
[INFO] <<< spring-boot:3.5.14:run (default-cli) < test-compile @ ftehc <<<
[INFO] 
[INFO] 
[INFO] --- spring-boot:3.5.14:run (default-cli) @ ftehc ---
[INFO] Attaching agents: []

  .   ____          _            __ _ _
 /\\ / ___'_ __ _ _(_)_ __  __ _ \ \ \ \
( ( )\___ | '_ | '_| | '_ \/ _` | \ \ \ \
 \\/  ___)| |_)| | | | | || (_| |  ) ) ) )
  '  |____| .__|_| |_|_| |_\__, | / / / /
 =========|_|==============|___/=/_/_/_/

 :: Spring Boot ::               (v3.5.14)

2026-05-21T17:33:05.147-07:00  INFO 46108 --- [ftehc] [           main] com.ftehc.ftehc.FtehcApplication         : Starting FtehcApplication using Java 17.0.12 with PID 46108 (C:\Users\chq-berehanet\DBKG\FTEHC-School\target\classes started by chq-berehanet in C:\Users\chq-berehanet\DBKG\FTEHC-School)
2026-05-21T17:33:05.149-07:00  INFO 46108 --- [ftehc] [           main] com.ftehc.ftehc.FtehcApplication         : The following 1 profile is active: "local"
2026-05-21T17:33:06.072-07:00  INFO 46108 --- [ftehc] [           main] .s.d.r.c.RepositoryConfigurationDelegate : Bootstrapping Spring Data MongoDB repositories in DEFAULT mode.
2026-05-21T17:33:06.147-07:00  INFO 46108 --- [ftehc] [           main] .s.d.r.c.RepositoryConfigurationDelegate : Finished Spring Data repository scanning in 69 ms. Found 14 MongoDB repository interfaces.
2026-05-21T17:33:06.595-07:00  INFO 46108 --- [ftehc] [           main] o.s.b.w.embedded.tomcat.TomcatWebServer  : Tomcat initialized with port 8080 (http)
2026-05-21T17:33:06.603-07:00  INFO 46108 --- [ftehc] [           main] o.apache.catalina.core.StandardService   : Starting service [Tomcat]
2026-05-21T17:33:06.604-07:00  INFO 46108 --- [ftehc] [           main] o.apache.catalina.core.StandardEngine    : Starting Servlet engine: [Apache Tomcat/10.1.54]
2026-05-21T17:33:06.666-07:00  INFO 46108 --- [ftehc] [           main] o.a.c.c.C.[Tomcat].[localhost].[/]       : Initializing Spring embedded WebApplicationContext
2026-05-21T17:33:06.667-07:00  INFO 46108 --- [ftehc] [           main] w.s.c.ServletWebServerApplicationContext : Root WebApplicationContext: initialization completed in 1486 ms
2026-05-21T17:33:06.942-07:00  INFO 46108 --- [ftehc] [           main] org.mongodb.driver.client                : MongoClient with metadata {"driver": {"name": "mongo-java-driver|sync|spring-boot", "version": "5.5.2"}, "os": {"type": "Windows", "name": "Windows 11", "architecture": "amd64", "version": "10.0"}, "platform": "Java/Azul Systems, Inc./17.0.12+7-LTS"} created with settings MongoClientSettings{readPreference=primary, writeConcern=WriteConcern{w=null, wTimeout=null ms, journal=null}, retryWrites=true, retryReads=true, readConcern=ReadConcern{level=null}, credential=null, transportSettings=null, commandListeners=[io.micrometer.core.instrument.binder.mongodb.MongoMetricsCommandListener@28554ac8], codecRegistry=ProvidersCodecRegistry{codecProviders=[ValueCodecProvider{}, BsonValueCodecProvider{}, DBRefCodecProvider{}, DBObjectCodecProvider{}, DocumentCodecProvider{}, CollectionCodecProvider{}, IterableCodecProvider{}, MapCodecProvider{}, GeoJsonCodecProvider{}, GridFSFileCodecProvider{}, Jsr310CodecProvider{}, JsonObjectCodecProvider{}, BsonCodecProvider{}, EnumCodecProvider{}, com.mongodb.client.model.mql.ExpressionCodecProvider@76af51d6, com.mongodb.Jep395RecordCodecProvider@39ace1a7, com.mongodb.KotlinCodecProvider@1930a804]}, loggerSettings=LoggerSettings{maxDocumentLength=1000}, clusterSettings={hosts=[localhost:27017], srvServiceName=mongodb, mode=SINGLE, requiredClusterType=UNKNOWN, requiredReplicaSetName='null', serverSelector='null', clusterListeners='[]', serverSelectionTimeout='30000 ms', localThreshold='15 ms'}, socketSettings=SocketSettings{connectTimeoutMS=10000, readTimeoutMS=0, receiveBufferSize=0, proxySettings=ProxySettings{host=null, port=null, username=null, password=null}}, heartbeatSocketSettings=SocketSettings{connectTimeoutMS=10000, readTimeoutMS=10000, receiveBufferSize=0, proxySettings=ProxySettings{host=null, port=null, username=null, password=null}}, connectionPoolSettings=ConnectionPoolSettings{maxSize=100, minSize=0, maxWaitTimeMS=120000, maxConnectionLifeTimeMS=0, maxConnectionIdleTimeMS=0, maintenanceInitialDelayMS=0, maintenanceFrequencyMS=60000, connectionPoolListeners=[io.micrometer.core.instrument.binder.mongodb.MongoMetricsConnectionPoolListener@27bc1d44], maxConnecting=2}, serverSettings=ServerSettings{heartbeatFrequencyMS=10000, minHeartbeatFrequencyMS=500, serverMonitoringMode=AUTO, serverListeners='[]', serverMonitorListeners='[]'}, sslSettings=SslSettings{enabled=false, invalidHostNameAllowed=false, context=null}, applicationName='null', compressorList=[], uuidRepresentation=JAVA_LEGACY, serverApi=null, autoEncryptionSettings=null, dnsClient=null, inetAddressResolver=null, contextProvider=null, timeoutMS=null}
2026-05-21T17:33:06.983-07:00  INFO 46108 --- [ftehc] [localhost:27017] org.mongodb.driver.cluster               : Monitor thread successfully connected to server with description ServerDescription{address=localhost:27017, type=STANDALONE, cryptd=false, state=CONNECTED, ok=true, minWireVersion=0, maxWireVersion=17, maxDocumentSize=16777216, logicalSessionTimeoutMinutes=30, roundTripTimeNanos=22298000, minRoundTripTimeNanos=0}
2026-05-21T17:33:07.522-07:00  INFO 46108 --- [ftehc] [           main] o.s.b.a.w.s.WelcomePageHandlerMapping    : Adding welcome page: class path resource [static/index.html]
2026-05-21T17:33:07.750-07:00  INFO 46108 --- [ftehc] [           main] o.s.b.a.e.web.EndpointLinksResolver      : Exposing 2 endpoints beneath base path '/actuator'
2026-05-21T17:33:07.784-07:00  WARN 46108 --- [ftehc] [           main] .s.s.UserDetailsServiceAutoConfiguration : 

Using generated security password: a6d5732e-546d-4420-86ac-98d47a95c2c0

This generated password is for development use only. Your security configuration must be updated before running your application in production.

2026-05-21T17:33:07.791-07:00  INFO 46108 --- [ftehc] [           main] r$InitializeUserDetailsManagerConfigurer : Global AuthenticationManager configured with UserDetailsService bean with name inMemoryUserDetailsManager
2026-05-21T17:33:08.159-07:00  INFO 46108 --- [ftehc] [           main] o.s.b.w.embedded.tomcat.TomcatWebServer  : Tomcat started on port 8080 (http) with context path '/'
2026-05-21T17:33:08.174-07:00  INFO 46108 --- [ftehc] [           main] com.ftehc.ftehc.FtehcApplication         : Started FtehcApplication in 3.358 seconds (process running for 3.957)
2026-05-21T17:33:08.261-07:00  WARN 46108 --- [ftehc] [           main] o.s.core.events.SpringDocAppInitializer  : SpringDoc /v3/api-docs endpoint is enabled by default. To disable it in production, set the property 'springdoc.api-docs.enabled=false'
2026-05-21T17:33:08.262-07:00  WARN 46108 --- [ftehc] [           main] o.s.core.events.SpringDocAppInitializer  : SpringDoc /swagger-ui.html endpoint is enabled by default. To disable it in production, set the property 'springdoc.swagger-ui.enabled=false'
2026-05-21T17:33:08.425-07:00  INFO 46108 --- [ftehc] [nio-8080-exec-1] o.a.c.c.C.[Tomcat].[localhost].[/]       : Initializing Spring DispatcherServlet 'dispatcherServlet'
2026-05-21T17:33:08.425-07:00  INFO 46108 --- [ftehc] [nio-8080-exec-1] o.s.web.servlet.DispatcherServlet        : Initializing Servlet 'dispatcherServlet'
2026-05-21T17:33:08.426-07:00  INFO 46108 --- [ftehc] [nio-8080-exec-1] o.s.web.servlet.DispatcherServlet        : Completed initialization in 1 ms
[INFO] Scanning for projects...
[INFO] 
[INFO] --------------------------< com.ftehc:ftehc >---------------------------
[INFO] Building  0.0.1-SNAPSHOT
[INFO]   from pom.xml
[INFO] --------------------------------[ jar ]---------------------------------
[INFO] 
[INFO] >>> spring-boot:3.5.14:run (default-cli) > test-compile @ ftehc >>>
[WARNING] The POM for org.springdoc:springdoc-openapi-starter-webmvc-ui:jar:2.8.16 is invalid, transitive dependencies (if any) will not be available: 1 problem was encountered while building the effective model for org.springdoc:springdoc-openapi-starter-webmvc-ui:2.8.16
[FATAL] The parents form a cycle: org.springdoc:springdoc-openapi-starter-webmvc-ui:2.8.16 -> org.springframework.boot:spring-boot-starter-parent:3.5.11 -> org.springframework.boot:spring-boot-dependencies:3.5.11 -> org.springframework.boot:spring-boot-starter-parent:3.5.11 @ com.expd.worker:script-log-consumer-worker project:3.5.11

[WARNING] The POM for org.springdoc:springdoc-openapi-starter-webmvc-api:jar:2.8.16 is invalid, transitive dependencies (if any) will not be available: 1 problem was encountered while building the effective model for org.springdoc:springdoc-openapi-starter-webmvc-api:2.8.16
[FATAL] The parents form a cycle: org.springdoc:springdoc-openapi-starter-webmvc-api:2.8.16 -> org.springframework.boot:spring-boot-starter-parent:3.5.11 -> org.springframework.boot:spring-boot-dependencies:3.5.11 -> org.springframework.boot:spring-boot-starter-parent:3.5.11 @ com.expd.worker:script-log-consumer-worker project:3.5.11

[WARNING] The POM for org.springdoc:springdoc-openapi-starter-common:jar:2.8.16 is invalid, transitive dependencies (if any) will not be available: 1 problem was encountered while building the effective model for org.springdoc:springdoc-openapi-starter-common:2.8.16
[FATAL] The parents form a cycle: org.springdoc:springdoc-openapi-starter-common:2.8.16 -> org.springframework.boot:spring-boot-starter-parent:3.5.11 -> org.springframework.boot:spring-boot-dependencies:3.5.11 -> org.springframework.boot:spring-boot-starter-parent:3.5.11 @ com.expd.worker:script-log-consumer-worker project:3.5.11

[INFO] 
[INFO] --- resources:3.3.1:resources (default-resources) @ ftehc ---
[INFO] Copying 3 resources from src\main\resources to target\classes
[INFO] Copying 0 resource from src\main\resources to target\classes
[INFO] 
[INFO] --- resources:3.3.1:copy-resources (copy-frontend-browser-dist) @ ftehc ---
[INFO] Copying 63 resources from client\dist\school-portal-frontend\browser to target\classes\static
[INFO] 
[INFO] --- compiler:3.14.1:compile (default-compile) @ ftehc ---
[INFO] Nothing to compile - all classes are up to date.
[INFO] 
[INFO] --- resources:3.3.1:testResources (default-testResources) @ ftehc ---
[INFO] skip non existing resourceDirectory C:\Users\chq-berehanet\DBKG\FTEHC-School\src\test\resources
[INFO] 
[INFO] --- compiler:3.14.1:testCompile (default-testCompile) @ ftehc ---
[INFO] Nothing to compile - all classes are up to date.
[INFO] 
[INFO] <<< spring-boot:3.5.14:run (default-cli) < test-compile @ ftehc <<<
[INFO] 
[INFO] 
[INFO] --- spring-boot:3.5.14:run (default-cli) @ ftehc ---
[INFO] Attaching agents: []

  .   ____          _            __ _ _
 /\\ / ___'_ __ _ _(_)_ __  __ _ \ \ \ \
( ( )\___ | '_ | '_| | '_ \/ _` | \ \ \ \
 \\/  ___)| |_)| | | | | || (_| |  ) ) ) )
  '  |____| .__|_| |_|_| |_\__, | / / / /
 =========|_|==============|___/=/_/_/_/

 :: Spring Boot ::               (v3.5.14)

2026-05-21T19:22:44.103-07:00  INFO 28508 --- [ftehc] [           main] com.ftehc.ftehc.FtehcApplication         : Starting FtehcApplication using Java 17.0.12 with PID 28508 (C:\Users\chq-berehanet\DBKG\FTEHC-School\target\classes started by chq-berehanet in C:\Users\chq-berehanet\DBKG\FTEHC-School)
2026-05-21T19:22:44.105-07:00  INFO 28508 --- [ftehc] [           main] com.ftehc.ftehc.FtehcApplication         : The following 1 profile is active: "local"
2026-05-21T19:22:45.020-07:00  INFO 28508 --- [ftehc] [           main] .s.d.r.c.RepositoryConfigurationDelegate : Bootstrapping Spring Data MongoDB repositories in DEFAULT mode.
2026-05-21T19:22:45.092-07:00  INFO 28508 --- [ftehc] [           main] .s.d.r.c.RepositoryConfigurationDelegate : Finished Spring Data repository scanning in 67 ms. Found 14 MongoDB repository interfaces.
2026-05-21T19:22:45.514-07:00  INFO 28508 --- [ftehc] [           main] o.s.b.w.embedded.tomcat.TomcatWebServer  : Tomcat initialized with port 8080 (http)
2026-05-21T19:22:45.523-07:00  INFO 28508 --- [ftehc] [           main] o.apache.catalina.core.StandardService   : Starting service [Tomcat]
2026-05-21T19:22:45.523-07:00  INFO 28508 --- [ftehc] [           main] o.apache.catalina.core.StandardEngine    : Starting Servlet engine: [Apache Tomcat/10.1.54]
2026-05-21T19:22:45.582-07:00  INFO 28508 --- [ftehc] [           main] o.a.c.c.C.[Tomcat].[localhost].[/]       : Initializing Spring embedded WebApplicationContext
2026-05-21T19:22:45.582-07:00  INFO 28508 --- [ftehc] [           main] w.s.c.ServletWebServerApplicationContext : Root WebApplicationContext: initialization completed in 1449 ms
2026-05-21T19:22:45.857-07:00  INFO 28508 --- [ftehc] [           main] org.mongodb.driver.client                : MongoClient with metadata {"driver": {"name": "mongo-java-driver|sync|spring-boot", "version": "5.5.2"}, "os": {"type": "Windows", "name": "Windows 11", "architecture": "amd64", "version": "10.0"}, "platform": "Java/Azul Systems, Inc./17.0.12+7-LTS"} created with settings MongoClientSettings{readPreference=primary, writeConcern=WriteConcern{w=null, wTimeout=null ms, journal=null}, retryWrites=true, retryReads=true, readConcern=ReadConcern{level=null}, credential=null, transportSettings=null, commandListeners=[io.micrometer.core.instrument.binder.mongodb.MongoMetricsCommandListener@52f9e8bb], codecRegistry=ProvidersCodecRegistry{codecProviders=[ValueCodecProvider{}, BsonValueCodecProvider{}, DBRefCodecProvider{}, DBObjectCodecProvider{}, DocumentCodecProvider{}, CollectionCodecProvider{}, IterableCodecProvider{}, MapCodecProvider{}, GeoJsonCodecProvider{}, GridFSFileCodecProvider{}, Jsr310CodecProvider{}, JsonObjectCodecProvider{}, BsonCodecProvider{}, EnumCodecProvider{}, com.mongodb.client.model.mql.ExpressionCodecProvider@14be750c, com.mongodb.Jep395RecordCodecProvider@58882a93, com.mongodb.KotlinCodecProvider@15e08615]}, loggerSettings=LoggerSettings{maxDocumentLength=1000}, clusterSettings={hosts=[localhost:27017], srvServiceName=mongodb, mode=SINGLE, requiredClusterType=UNKNOWN, requiredReplicaSetName='null', serverSelector='null', clusterListeners='[]', serverSelectionTimeout='30000 ms', localThreshold='15 ms'}, socketSettings=SocketSettings{connectTimeoutMS=10000, readTimeoutMS=0, receiveBufferSize=0, proxySettings=ProxySettings{host=null, port=null, username=null, password=null}}, heartbeatSocketSettings=SocketSettings{connectTimeoutMS=10000, readTimeoutMS=10000, receiveBufferSize=0, proxySettings=ProxySettings{host=null, port=null, username=null, password=null}}, connectionPoolSettings=ConnectionPoolSettings{maxSize=100, minSize=0, maxWaitTimeMS=120000, maxConnectionLifeTimeMS=0, maxConnectionIdleTimeMS=0, maintenanceInitialDelayMS=0, maintenanceFrequencyMS=60000, connectionPoolListeners=[io.micrometer.core.instrument.binder.mongodb.MongoMetricsConnectionPoolListener@652e345], maxConnecting=2}, serverSettings=ServerSettings{heartbeatFrequencyMS=10000, minHeartbeatFrequencyMS=500, serverMonitoringMode=AUTO, serverListeners='[]', serverMonitorListeners='[]'}, sslSettings=SslSettings{enabled=false, invalidHostNameAllowed=false, context=null}, applicationName='null', compressorList=[], uuidRepresentation=JAVA_LEGACY, serverApi=null, autoEncryptionSettings=null, dnsClient=null, inetAddressResolver=null, contextProvider=null, timeoutMS=null}
2026-05-21T19:22:45.892-07:00  INFO 28508 --- [ftehc] [localhost:27017] org.mongodb.driver.cluster               : Monitor thread successfully connected to server with description ServerDescription{address=localhost:27017, type=STANDALONE, cryptd=false, state=CONNECTED, ok=true, minWireVersion=0, maxWireVersion=17, maxDocumentSize=16777216, logicalSessionTimeoutMinutes=30, roundTripTimeNanos=17391400, minRoundTripTimeNanos=0}
2026-05-21T19:22:46.516-07:00  INFO 28508 --- [ftehc] [           main] o.s.b.a.w.s.WelcomePageHandlerMapping    : Adding welcome page: class path resource [static/index.html]
2026-05-21T19:22:46.978-07:00  INFO 28508 --- [ftehc] [           main] o.s.b.a.e.web.EndpointLinksResolver      : Exposing 2 endpoints beneath base path '/actuator'
2026-05-21T19:22:47.030-07:00  WARN 28508 --- [ftehc] [           main] .s.s.UserDetailsServiceAutoConfiguration : 

Using generated security password: c7c89f59-cb5f-4d9b-a473-f742c4202835

This generated password is for development use only. Your security configuration must be updated before running your application in production.

2026-05-21T19:22:47.044-07:00  INFO 28508 --- [ftehc] [           main] r$InitializeUserDetailsManagerConfigurer : Global AuthenticationManager configured with UserDetailsService bean with name inMemoryUserDetailsManager
2026-05-21T19:22:47.625-07:00  INFO 28508 --- [ftehc] [           main] o.s.b.w.embedded.tomcat.TomcatWebServer  : Tomcat started on port 8080 (http) with context path '/'
2026-05-21T19:22:47.648-07:00  INFO 28508 --- [ftehc] [           main] com.ftehc.ftehc.FtehcApplication         : Started FtehcApplication in 3.864 seconds (process running for 4.539)
2026-05-21T19:22:47.752-07:00  WARN 28508 --- [ftehc] [           main] o.s.core.events.SpringDocAppInitializer  : SpringDoc /v3/api-docs endpoint is enabled by default. To disable it in production, set the property 'springdoc.api-docs.enabled=false'
2026-05-21T19:22:47.753-07:00  WARN 28508 --- [ftehc] [           main] o.s.core.events.SpringDocAppInitializer  : SpringDoc /swagger-ui.html endpoint is enabled by default. To disable it in production, set the property 'springdoc.swagger-ui.enabled=false'
2026-05-21T19:22:47.930-07:00  INFO 28508 --- [ftehc] [nio-8080-exec-1] o.a.c.c.C.[Tomcat].[localhost].[/]       : Initializing Spring DispatcherServlet 'dispatcherServlet'
2026-05-21T19:22:47.930-07:00  INFO 28508 --- [ftehc] [nio-8080-exec-1] o.s.web.servlet.DispatcherServlet        : Initializing Servlet 'dispatcherServlet'
2026-05-21T19:22:47.933-07:00  INFO 28508 --- [ftehc] [nio-8080-exec-1] o.s.web.servlet.DispatcherServlet        : Completed initialization in 2 ms
[INFO] Scanning for projects...
[INFO] 
[INFO] --------------------------< com.ftehc:ftehc >---------------------------
[INFO] Building  0.0.1-SNAPSHOT
[INFO]   from pom.xml
[INFO] --------------------------------[ jar ]---------------------------------
[INFO] 
[INFO] >>> spring-boot:3.5.14:run (default-cli) > test-compile @ ftehc >>>
[WARNING] The POM for org.springdoc:springdoc-openapi-starter-webmvc-ui:jar:2.8.16 is invalid, transitive dependencies (if any) will not be available: 1 problem was encountered while building the effective model for org.springdoc:springdoc-openapi-starter-webmvc-ui:2.8.16
[FATAL] The parents form a cycle: org.springdoc:springdoc-openapi-starter-webmvc-ui:2.8.16 -> org.springframework.boot:spring-boot-starter-parent:3.5.11 -> org.springframework.boot:spring-boot-dependencies:3.5.11 -> org.springframework.boot:spring-boot-starter-parent:3.5.11 @ com.expd.worker:script-log-consumer-worker project:3.5.11

[WARNING] The POM for org.springdoc:springdoc-openapi-starter-webmvc-api:jar:2.8.16 is invalid, transitive dependencies (if any) will not be available: 1 problem was encountered while building the effective model for org.springdoc:springdoc-openapi-starter-webmvc-api:2.8.16
[FATAL] The parents form a cycle: org.springdoc:springdoc-openapi-starter-webmvc-api:2.8.16 -> org.springframework.boot:spring-boot-starter-parent:3.5.11 -> org.springframework.boot:spring-boot-dependencies:3.5.11 -> org.springframework.boot:spring-boot-starter-parent:3.5.11 @ com.expd.worker:script-log-consumer-worker project:3.5.11

[WARNING] The POM for org.springdoc:springdoc-openapi-starter-common:jar:2.8.16 is invalid, transitive dependencies (if any) will not be available: 1 problem was encountered while building the effective model for org.springdoc:springdoc-openapi-starter-common:2.8.16
[FATAL] The parents form a cycle: org.springdoc:springdoc-openapi-starter-common:2.8.16 -> org.springframework.boot:spring-boot-starter-parent:3.5.11 -> org.springframework.boot:spring-boot-dependencies:3.5.11 -> org.springframework.boot:spring-boot-starter-parent:3.5.11 @ com.expd.worker:script-log-consumer-worker project:3.5.11

[INFO] 
[INFO] --- resources:3.3.1:resources (default-resources) @ ftehc ---
[INFO] Copying 3 resources from src\main\resources to target\classes
[INFO] Copying 0 resource from src\main\resources to target\classes
[INFO] 
[INFO] --- resources:3.3.1:copy-resources (copy-frontend-browser-dist) @ ftehc ---
[INFO] Copying 63 resources from client\dist\school-portal-frontend\browser to target\classes\static
[INFO] 
[INFO] --- compiler:3.14.1:compile (default-compile) @ ftehc ---
[INFO] Nothing to compile - all classes are up to date.
[INFO] 
[INFO] --- resources:3.3.1:testResources (default-testResources) @ ftehc ---
[INFO] skip non existing resourceDirectory C:\Users\chq-berehanet\DBKG\FTEHC-School\src\test\resources
[INFO] 
[INFO] --- compiler:3.14.1:testCompile (default-testCompile) @ ftehc ---
[INFO] Nothing to compile - all classes are up to date.
[INFO] 
[INFO] <<< spring-boot:3.5.14:run (default-cli) < test-compile @ ftehc <<<
[INFO] 
[INFO] 
[INFO] --- spring-boot:3.5.14:run (default-cli) @ ftehc ---
[INFO] Attaching agents: []

  .   ____          _            __ _ _
 /\\ / ___'_ __ _ _(_)_ __  __ _ \ \ \ \
( ( )\___ | '_ | '_| | '_ \/ _` | \ \ \ \
 \\/  ___)| |_)| | | | | || (_| |  ) ) ) )
  '  |____| .__|_| |_|_| |_\__, | / / / /
 =========|_|==============|___/=/_/_/_/

 :: Spring Boot ::               (v3.5.14)

2026-05-21T19:38:40.058-07:00  INFO 25280 --- [ftehc] [           main] com.ftehc.ftehc.FtehcApplication         : Starting FtehcApplication using Java 17.0.12 with PID 25280 (C:\Users\chq-berehanet\DBKG\FTEHC-School\target\classes started by chq-berehanet in C:\Users\chq-berehanet\DBKG\FTEHC-School)
2026-05-21T19:38:40.060-07:00  INFO 25280 --- [ftehc] [           main] com.ftehc.ftehc.FtehcApplication         : The following 1 profile is active: "local"
2026-05-21T19:38:40.934-07:00  INFO 25280 --- [ftehc] [           main] .s.d.r.c.RepositoryConfigurationDelegate : Bootstrapping Spring Data MongoDB repositories in DEFAULT mode.
2026-05-21T19:38:40.999-07:00  INFO 25280 --- [ftehc] [           main] .s.d.r.c.RepositoryConfigurationDelegate : Finished Spring Data repository scanning in 59 ms. Found 14 MongoDB repository interfaces.
2026-05-21T19:38:41.404-07:00  INFO 25280 --- [ftehc] [           main] o.s.b.w.embedded.tomcat.TomcatWebServer  : Tomcat initialized with port 8080 (http)
2026-05-21T19:38:41.412-07:00  INFO 25280 --- [ftehc] [           main] o.apache.catalina.core.StandardService   : Starting service [Tomcat]
2026-05-21T19:38:41.412-07:00  INFO 25280 --- [ftehc] [           main] o.apache.catalina.core.StandardEngine    : Starting Servlet engine: [Apache Tomcat/10.1.54]
2026-05-21T19:38:41.470-07:00  INFO 25280 --- [ftehc] [           main] o.a.c.c.C.[Tomcat].[localhost].[/]       : Initializing Spring embedded WebApplicationContext
2026-05-21T19:38:41.471-07:00  INFO 25280 --- [ftehc] [           main] w.s.c.ServletWebServerApplicationContext : Root WebApplicationContext: initialization completed in 1382 ms
2026-05-21T19:38:41.740-07:00  INFO 25280 --- [ftehc] [           main] org.mongodb.driver.client                : MongoClient with metadata {"driver": {"name": "mongo-java-driver|sync|spring-boot", "version": "5.5.2"}, "os": {"type": "Windows", "name": "Windows 11", "architecture": "amd64", "version": "10.0"}, "platform": "Java/Azul Systems, Inc./17.0.12+7-LTS"} created with settings MongoClientSettings{readPreference=primary, writeConcern=WriteConcern{w=null, wTimeout=null ms, journal=null}, retryWrites=true, retryReads=true, readConcern=ReadConcern{level=null}, credential=null, transportSettings=null, commandListeners=[io.micrometer.core.instrument.binder.mongodb.MongoMetricsCommandListener@5cce40d7], codecRegistry=ProvidersCodecRegistry{codecProviders=[ValueCodecProvider{}, BsonValueCodecProvider{}, DBRefCodecProvider{}, DBObjectCodecProvider{}, DocumentCodecProvider{}, CollectionCodecProvider{}, IterableCodecProvider{}, MapCodecProvider{}, GeoJsonCodecProvider{}, GridFSFileCodecProvider{}, Jsr310CodecProvider{}, JsonObjectCodecProvider{}, BsonCodecProvider{}, EnumCodecProvider{}, com.mongodb.client.model.mql.ExpressionCodecProvider@27afbf14, com.mongodb.Jep395RecordCodecProvider@4cfcac13, com.mongodb.KotlinCodecProvider@5c25d0d1]}, loggerSettings=LoggerSettings{maxDocumentLength=1000}, clusterSettings={hosts=[localhost:27017], srvServiceName=mongodb, mode=SINGLE, requiredClusterType=UNKNOWN, requiredReplicaSetName='null', serverSelector='null', clusterListeners='[]', serverSelectionTimeout='30000 ms', localThreshold='15 ms'}, socketSettings=SocketSettings{connectTimeoutMS=10000, readTimeoutMS=0, receiveBufferSize=0, proxySettings=ProxySettings{host=null, port=null, username=null, password=null}}, heartbeatSocketSettings=SocketSettings{connectTimeoutMS=10000, readTimeoutMS=10000, receiveBufferSize=0, proxySettings=ProxySettings{host=null, port=null, username=null, password=null}}, connectionPoolSettings=ConnectionPoolSettings{maxSize=100, minSize=0, maxWaitTimeMS=120000, maxConnectionLifeTimeMS=0, maxConnectionIdleTimeMS=0, maintenanceInitialDelayMS=0, maintenanceFrequencyMS=60000, connectionPoolListeners=[io.micrometer.core.instrument.binder.mongodb.MongoMetricsConnectionPoolListener@3a45afd4], maxConnecting=2}, serverSettings=ServerSettings{heartbeatFrequencyMS=10000, minHeartbeatFrequencyMS=500, serverMonitoringMode=AUTO, serverListeners='[]', serverMonitorListeners='[]'}, sslSettings=SslSettings{enabled=false, invalidHostNameAllowed=false, context=null}, applicationName='null', compressorList=[], uuidRepresentation=JAVA_LEGACY, serverApi=null, autoEncryptionSettings=null, dnsClient=null, inetAddressResolver=null, contextProvider=null, timeoutMS=null}
2026-05-21T19:38:41.778-07:00  INFO 25280 --- [ftehc] [localhost:27017] org.mongodb.driver.cluster               : Monitor thread successfully connected to server with description ServerDescription{address=localhost:27017, type=STANDALONE, cryptd=false, state=CONNECTED, ok=true, minWireVersion=0, maxWireVersion=17, maxDocumentSize=16777216, logicalSessionTimeoutMinutes=30, roundTripTimeNanos=19501900, minRoundTripTimeNanos=0}
2026-05-21T19:38:42.299-07:00  INFO 25280 --- [ftehc] [           main] o.s.b.a.w.s.WelcomePageHandlerMapping    : Adding welcome page: class path resource [static/index.html]
2026-05-21T19:38:42.509-07:00  INFO 25280 --- [ftehc] [           main] o.s.b.a.e.web.EndpointLinksResolver      : Exposing 2 endpoints beneath base path '/actuator'
2026-05-21T19:38:42.538-07:00  WARN 25280 --- [ftehc] [           main] .s.s.UserDetailsServiceAutoConfiguration : 

Using generated security password: aa90acb1-6495-43a7-a13d-78446e7eaf8f

This generated password is for development use only. Your security configuration must be updated before running your application in production.

2026-05-21T19:38:42.545-07:00  INFO 25280 --- [ftehc] [           main] r$InitializeUserDetailsManagerConfigurer : Global AuthenticationManager configured with UserDetailsService bean with name inMemoryUserDetailsManager
2026-05-21T19:38:42.897-07:00  INFO 25280 --- [ftehc] [           main] o.s.b.w.embedded.tomcat.TomcatWebServer  : Tomcat started on port 8080 (http) with context path '/'
2026-05-21T19:38:42.912-07:00  INFO 25280 --- [ftehc] [           main] com.ftehc.ftehc.FtehcApplication         : Started FtehcApplication in 3.155 seconds (process running for 3.804)
2026-05-21T19:38:42.997-07:00  WARN 25280 --- [ftehc] [           main] o.s.core.events.SpringDocAppInitializer  : SpringDoc /v3/api-docs endpoint is enabled by default. To disable it in production, set the property 'springdoc.api-docs.enabled=false'
2026-05-21T19:38:42.998-07:00  WARN 25280 --- [ftehc] [           main] o.s.core.events.SpringDocAppInitializer  : SpringDoc /swagger-ui.html endpoint is enabled by default. To disable it in production, set the property 'springdoc.swagger-ui.enabled=false'
2026-05-21T19:38:43.400-07:00  INFO 25280 --- [ftehc] [nio-8080-exec-1] o.a.c.c.C.[Tomcat].[localhost].[/]       : Initializing Spring DispatcherServlet 'dispatcherServlet'
2026-05-21T19:38:43.401-07:00  INFO 25280 --- [ftehc] [nio-8080-exec-1] o.s.web.servlet.DispatcherServlet        : Initializing Servlet 'dispatcherServlet'
2026-05-21T19:38:43.402-07:00  INFO 25280 --- [ftehc] [nio-8080-exec-1] o.s.web.servlet.DispatcherServlet        : Completed initialization in 1 ms
[INFO] Scanning for projects...
[INFO] 
[INFO] --------------------------< com.ftehc:ftehc >---------------------------
[INFO] Building  0.0.1-SNAPSHOT
[INFO]   from pom.xml
[INFO] --------------------------------[ jar ]---------------------------------
[INFO] 
[INFO] >>> spring-boot:3.5.14:run (default-cli) > test-compile @ ftehc >>>
[WARNING] The POM for org.springdoc:springdoc-openapi-starter-webmvc-ui:jar:2.8.16 is invalid, transitive dependencies (if any) will not be available: 1 problem was encountered while building the effective model for org.springdoc:springdoc-openapi-starter-webmvc-ui:2.8.16
[FATAL] The parents form a cycle: org.springdoc:springdoc-openapi-starter-webmvc-ui:2.8.16 -> org.springframework.boot:spring-boot-starter-parent:3.5.11 -> org.springframework.boot:spring-boot-dependencies:3.5.11 -> org.springframework.boot:spring-boot-starter-parent:3.5.11 @ com.expd.worker:script-log-consumer-worker project:3.5.11

[WARNING] The POM for org.springdoc:springdoc-openapi-starter-webmvc-api:jar:2.8.16 is invalid, transitive dependencies (if any) will not be available: 1 problem was encountered while building the effective model for org.springdoc:springdoc-openapi-starter-webmvc-api:2.8.16
[FATAL] The parents form a cycle: org.springdoc:springdoc-openapi-starter-webmvc-api:2.8.16 -> org.springframework.boot:spring-boot-starter-parent:3.5.11 -> org.springframework.boot:spring-boot-dependencies:3.5.11 -> org.springframework.boot:spring-boot-starter-parent:3.5.11 @ com.expd.worker:script-log-consumer-worker project:3.5.11

[WARNING] The POM for org.springdoc:springdoc-openapi-starter-common:jar:2.8.16 is invalid, transitive dependencies (if any) will not be available: 1 problem was encountered while building the effective model for org.springdoc:springdoc-openapi-starter-common:2.8.16
[FATAL] The parents form a cycle: org.springdoc:springdoc-openapi-starter-common:2.8.16 -> org.springframework.boot:spring-boot-starter-parent:3.5.11 -> org.springframework.boot:spring-boot-dependencies:3.5.11 -> org.springframework.boot:spring-boot-starter-parent:3.5.11 @ com.expd.worker:script-log-consumer-worker project:3.5.11

[INFO] 
[INFO] --- resources:3.3.1:resources (default-resources) @ ftehc ---
[INFO] Copying 3 resources from src\main\resources to target\classes
[INFO] Copying 0 resource from src\main\resources to target\classes
[INFO] 
[INFO] --- resources:3.3.1:copy-resources (copy-frontend-browser-dist) @ ftehc ---
[INFO] Copying 63 resources from client\dist\school-portal-frontend\browser to target\classes\static
[INFO] 
[INFO] --- compiler:3.14.1:compile (default-compile) @ ftehc ---
[INFO] Nothing to compile - all classes are up to date.
[INFO] 
[INFO] --- resources:3.3.1:testResources (default-testResources) @ ftehc ---
[INFO] skip non existing resourceDirectory C:\Users\chq-berehanet\DBKG\FTEHC-School\src\test\resources
[INFO] 
[INFO] --- compiler:3.14.1:testCompile (default-testCompile) @ ftehc ---
[INFO] Nothing to compile - all classes are up to date.
[INFO] 
[INFO] <<< spring-boot:3.5.14:run (default-cli) < test-compile @ ftehc <<<
[INFO] 
[INFO] 
[INFO] --- spring-boot:3.5.14:run (default-cli) @ ftehc ---
[INFO] Attaching agents: []

  .   ____          _            __ _ _
 /\\ / ___'_ __ _ _(_)_ __  __ _ \ \ \ \
( ( )\___ | '_ | '_| | '_ \/ _` | \ \ \ \
 \\/  ___)| |_)| | | | | || (_| |  ) ) ) )
  '  |____| .__|_| |_|_| |_\__, | / / / /
 =========|_|==============|___/=/_/_/_/

 :: Spring Boot ::               (v3.5.14)

2026-05-21T19:45:48.090-07:00  INFO 30436 --- [ftehc] [           main] com.ftehc.ftehc.FtehcApplication         : Starting FtehcApplication using Java 17.0.12 with PID 30436 (C:\Users\chq-berehanet\DBKG\FTEHC-School\target\classes started by chq-berehanet in C:\Users\chq-berehanet\DBKG\FTEHC-School)
2026-05-21T19:45:48.092-07:00  INFO 30436 --- [ftehc] [           main] com.ftehc.ftehc.FtehcApplication         : The following 1 profile is active: "local"
2026-05-21T19:45:48.967-07:00  INFO 30436 --- [ftehc] [           main] .s.d.r.c.RepositoryConfigurationDelegate : Bootstrapping Spring Data MongoDB repositories in DEFAULT mode.
2026-05-21T19:45:49.037-07:00  INFO 30436 --- [ftehc] [           main] .s.d.r.c.RepositoryConfigurationDelegate : Finished Spring Data repository scanning in 64 ms. Found 14 MongoDB repository interfaces.
2026-05-21T19:45:49.444-07:00  INFO 30436 --- [ftehc] [           main] o.s.b.w.embedded.tomcat.TomcatWebServer  : Tomcat initialized with port 8080 (http)
2026-05-21T19:45:49.452-07:00  INFO 30436 --- [ftehc] [           main] o.apache.catalina.core.StandardService   : Starting service [Tomcat]
2026-05-21T19:45:49.453-07:00  INFO 30436 --- [ftehc] [           main] o.apache.catalina.core.StandardEngine    : Starting Servlet engine: [Apache Tomcat/10.1.54]
2026-05-21T19:45:49.510-07:00  INFO 30436 --- [ftehc] [           main] o.a.c.c.C.[Tomcat].[localhost].[/]       : Initializing Spring embedded WebApplicationContext
2026-05-21T19:45:49.511-07:00  INFO 30436 --- [ftehc] [           main] w.s.c.ServletWebServerApplicationContext : Root WebApplicationContext: initialization completed in 1389 ms
2026-05-21T19:45:49.785-07:00  INFO 30436 --- [ftehc] [           main] org.mongodb.driver.client                : MongoClient with metadata {"driver": {"name": "mongo-java-driver|sync|spring-boot", "version": "5.5.2"}, "os": {"type": "Windows", "name": "Windows 11", "architecture": "amd64", "version": "10.0"}, "platform": "Java/Azul Systems, Inc./17.0.12+7-LTS"} created with settings MongoClientSettings{readPreference=primary, writeConcern=WriteConcern{w=null, wTimeout=null ms, journal=null}, retryWrites=true, retryReads=true, readConcern=ReadConcern{level=null}, credential=null, transportSettings=null, commandListeners=[io.micrometer.core.instrument.binder.mongodb.MongoMetricsCommandListener@1689527c], codecRegistry=ProvidersCodecRegistry{codecProviders=[ValueCodecProvider{}, BsonValueCodecProvider{}, DBRefCodecProvider{}, DBObjectCodecProvider{}, DocumentCodecProvider{}, CollectionCodecProvider{}, IterableCodecProvider{}, MapCodecProvider{}, GeoJsonCodecProvider{}, GridFSFileCodecProvider{}, Jsr310CodecProvider{}, JsonObjectCodecProvider{}, BsonCodecProvider{}, EnumCodecProvider{}, com.mongodb.client.model.mql.ExpressionCodecProvider@67eeb310, com.mongodb.Jep395RecordCodecProvider@76af51d6, com.mongodb.KotlinCodecProvider@39ace1a7]}, loggerSettings=LoggerSettings{maxDocumentLength=1000}, clusterSettings={hosts=[localhost:27017], srvServiceName=mongodb, mode=SINGLE, requiredClusterType=UNKNOWN, requiredReplicaSetName='null', serverSelector='null', clusterListeners='[]', serverSelectionTimeout='30000 ms', localThreshold='15 ms'}, socketSettings=SocketSettings{connectTimeoutMS=10000, readTimeoutMS=0, receiveBufferSize=0, proxySettings=ProxySettings{host=null, port=null, username=null, password=null}}, heartbeatSocketSettings=SocketSettings{connectTimeoutMS=10000, readTimeoutMS=10000, receiveBufferSize=0, proxySettings=ProxySettings{host=null, port=null, username=null, password=null}}, connectionPoolSettings=ConnectionPoolSettings{maxSize=100, minSize=0, maxWaitTimeMS=120000, maxConnectionLifeTimeMS=0, maxConnectionIdleTimeMS=0, maintenanceInitialDelayMS=0, maintenanceFrequencyMS=60000, connectionPoolListeners=[io.micrometer.core.instrument.binder.mongodb.MongoMetricsConnectionPoolListener@61911947], maxConnecting=2}, serverSettings=ServerSettings{heartbeatFrequencyMS=10000, minHeartbeatFrequencyMS=500, serverMonitoringMode=AUTO, serverListeners='[]', serverMonitorListeners='[]'}, sslSettings=SslSettings{enabled=false, invalidHostNameAllowed=false, context=null}, applicationName='null', compressorList=[], uuidRepresentation=JAVA_LEGACY, serverApi=null, autoEncryptionSettings=null, dnsClient=null, inetAddressResolver=null, contextProvider=null, timeoutMS=null}
2026-05-21T19:45:49.803-07:00  INFO 30436 --- [ftehc] [localhost:27017] org.mongodb.driver.cluster               : Monitor thread successfully connected to server with description ServerDescription{address=localhost:27017, type=STANDALONE, cryptd=false, state=CONNECTED, ok=true, minWireVersion=0, maxWireVersion=17, maxDocumentSize=16777216, logicalSessionTimeoutMinutes=30, roundTripTimeNanos=13337199, minRoundTripTimeNanos=0}
2026-05-21T19:45:50.351-07:00  INFO 30436 --- [ftehc] [           main] o.s.b.a.w.s.WelcomePageHandlerMapping    : Adding welcome page: class path resource [static/index.html]
2026-05-21T19:45:50.574-07:00  INFO 30436 --- [ftehc] [           main] o.s.b.a.e.web.EndpointLinksResolver      : Exposing 2 endpoints beneath base path '/actuator'
2026-05-21T19:45:50.609-07:00  WARN 30436 --- [ftehc] [           main] .s.s.UserDetailsServiceAutoConfiguration : 

Using generated security password: 5afb1500-4eab-4f9f-b71f-47691243cbe2

This generated password is for development use only. Your security configuration must be updated before running your application in production.

2026-05-21T19:45:50.618-07:00  INFO 30436 --- [ftehc] [           main] r$InitializeUserDetailsManagerConfigurer : Global AuthenticationManager configured with UserDetailsService bean with name inMemoryUserDetailsManager
2026-05-21T19:45:50.985-07:00  INFO 30436 --- [ftehc] [           main] o.s.b.w.embedded.tomcat.TomcatWebServer  : Tomcat started on port 8080 (http) with context path '/'
2026-05-21T19:45:50.999-07:00  INFO 30436 --- [ftehc] [           main] com.ftehc.ftehc.FtehcApplication         : Started FtehcApplication in 3.218 seconds (process running for 3.796)
2026-05-21T19:45:51.089-07:00  INFO 30436 --- [ftehc] [nio-8080-exec-1] o.a.c.c.C.[Tomcat].[localhost].[/]       : Initializing Spring DispatcherServlet 'dispatcherServlet'
2026-05-21T19:45:51.089-07:00  INFO 30436 --- [ftehc] [nio-8080-exec-1] o.s.web.servlet.DispatcherServlet        : Initializing Servlet 'dispatcherServlet'
2026-05-21T19:45:51.090-07:00  INFO 30436 --- [ftehc] [nio-8080-exec-1] o.s.web.servlet.DispatcherServlet        : Completed initialization in 1 ms
2026-05-21T19:45:51.090-07:00  WARN 30436 --- [ftehc] [           main] o.s.core.events.SpringDocAppInitializer  : SpringDoc /v3/api-docs endpoint is enabled by default. To disable it in production, set the property 'springdoc.api-docs.enabled=false'
2026-05-21T19:45:51.091-07:00  WARN 30436 --- [ftehc] [           main] o.s.core.events.SpringDocAppInitializer  : SpringDoc /swagger-ui.html endpoint is enabled by default. To disable it in production, set the property 'springdoc.swagger-ui.enabled=false'
[INFO] Scanning for projects...
[INFO] 
[INFO] --------------------------< com.ftehc:ftehc >---------------------------
[INFO] Building  0.0.1-SNAPSHOT
[INFO]   from pom.xml
[INFO] --------------------------------[ jar ]---------------------------------
[INFO] 
[INFO] >>> spring-boot:3.5.14:run (default-cli) > test-compile @ ftehc >>>
[WARNING] The POM for org.springdoc:springdoc-openapi-starter-webmvc-ui:jar:2.8.16 is invalid, transitive dependencies (if any) will not be available: 1 problem was encountered while building the effective model for org.springdoc:springdoc-openapi-starter-webmvc-ui:2.8.16
[FATAL] The parents form a cycle: org.springdoc:springdoc-openapi-starter-webmvc-ui:2.8.16 -> org.springframework.boot:spring-boot-starter-parent:3.5.11 -> org.springframework.boot:spring-boot-dependencies:3.5.11 -> org.springframework.boot:spring-boot-starter-parent:3.5.11 @ com.expd.worker:script-log-consumer-worker project:3.5.11

[WARNING] The POM for org.springdoc:springdoc-openapi-starter-webmvc-api:jar:2.8.16 is invalid, transitive dependencies (if any) will not be available: 1 problem was encountered while building the effective model for org.springdoc:springdoc-openapi-starter-webmvc-api:2.8.16
[FATAL] The parents form a cycle: org.springdoc:springdoc-openapi-starter-webmvc-api:2.8.16 -> org.springframework.boot:spring-boot-starter-parent:3.5.11 -> org.springframework.boot:spring-boot-dependencies:3.5.11 -> org.springframework.boot:spring-boot-starter-parent:3.5.11 @ com.expd.worker:script-log-consumer-worker project:3.5.11

[WARNING] The POM for org.springdoc:springdoc-openapi-starter-common:jar:2.8.16 is invalid, transitive dependencies (if any) will not be available: 1 problem was encountered while building the effective model for org.springdoc:springdoc-openapi-starter-common:2.8.16
[FATAL] The parents form a cycle: org.springdoc:springdoc-openapi-starter-common:2.8.16 -> org.springframework.boot:spring-boot-starter-parent:3.5.11 -> org.springframework.boot:spring-boot-dependencies:3.5.11 -> org.springframework.boot:spring-boot-starter-parent:3.5.11 @ com.expd.worker:script-log-consumer-worker project:3.5.11

[INFO] 
[INFO] --- resources:3.3.1:resources (default-resources) @ ftehc ---
[INFO] Copying 3 resources from src\main\resources to target\classes
[INFO] Copying 0 resource from src\main\resources to target\classes
[INFO] 
[INFO] --- resources:3.3.1:copy-resources (copy-frontend-browser-dist) @ ftehc ---
[INFO] Copying 63 resources from client\dist\school-portal-frontend\browser to target\classes\static
[INFO] 
[INFO] --- compiler:3.14.1:compile (default-compile) @ ftehc ---
[INFO] Nothing to compile - all classes are up to date.
[INFO] 
[INFO] --- resources:3.3.1:testResources (default-testResources) @ ftehc ---
[INFO] skip non existing resourceDirectory C:\Users\chq-berehanet\DBKG\FTEHC-School\src\test\resources
[INFO] 
[INFO] --- compiler:3.14.1:testCompile (default-testCompile) @ ftehc ---
[INFO] Nothing to compile - all classes are up to date.
[INFO] 
[INFO] <<< spring-boot:3.5.14:run (default-cli) < test-compile @ ftehc <<<
[INFO] 
[INFO] 
[INFO] --- spring-boot:3.5.14:run (default-cli) @ ftehc ---
[INFO] Attaching agents: []

  .   ____          _            __ _ _
 /\\ / ___'_ __ _ _(_)_ __  __ _ \ \ \ \
( ( )\___ | '_ | '_| | '_ \/ _` | \ \ \ \
 \\/  ___)| |_)| | | | | || (_| |  ) ) ) )
  '  |____| .__|_| |_|_| |_\__, | / / / /
 =========|_|==============|___/=/_/_/_/

 :: Spring Boot ::               (v3.5.14)

2026-05-21T20:00:01.077-07:00  INFO 37356 --- [ftehc] [           main] com.ftehc.ftehc.FtehcApplication         : Starting FtehcApplication using Java 17.0.12 with PID 37356 (C:\Users\chq-berehanet\DBKG\FTEHC-School\target\classes started by chq-berehanet in C:\Users\chq-berehanet\DBKG\FTEHC-School)
2026-05-21T20:00:01.079-07:00  INFO 37356 --- [ftehc] [           main] com.ftehc.ftehc.FtehcApplication         : The following 1 profile is active: "local"
2026-05-21T20:00:01.943-07:00  INFO 37356 --- [ftehc] [           main] .s.d.r.c.RepositoryConfigurationDelegate : Bootstrapping Spring Data MongoDB repositories in DEFAULT mode.
2026-05-21T20:00:02.013-07:00  INFO 37356 --- [ftehc] [           main] .s.d.r.c.RepositoryConfigurationDelegate : Finished Spring Data repository scanning in 65 ms. Found 14 MongoDB repository interfaces.
2026-05-21T20:00:02.422-07:00  INFO 37356 --- [ftehc] [           main] o.s.b.w.embedded.tomcat.TomcatWebServer  : Tomcat initialized with port 8080 (http)
2026-05-21T20:00:02.430-07:00  INFO 37356 --- [ftehc] [           main] o.apache.catalina.core.StandardService   : Starting service [Tomcat]
2026-05-21T20:00:02.430-07:00  INFO 37356 --- [ftehc] [           main] o.apache.catalina.core.StandardEngine    : Starting Servlet engine: [Apache Tomcat/10.1.54]
2026-05-21T20:00:02.487-07:00  INFO 37356 --- [ftehc] [           main] o.a.c.c.C.[Tomcat].[localhost].[/]       : Initializing Spring embedded WebApplicationContext
2026-05-21T20:00:02.488-07:00  INFO 37356 --- [ftehc] [           main] w.s.c.ServletWebServerApplicationContext : Root WebApplicationContext: initialization completed in 1378 ms
2026-05-21T20:00:02.755-07:00  INFO 37356 --- [ftehc] [           main] org.mongodb.driver.client                : MongoClient with metadata {"driver": {"name": "mongo-java-driver|sync|spring-boot", "version": "5.5.2"}, "os": {"type": "Windows", "name": "Windows 11", "architecture": "amd64", "version": "10.0"}, "platform": "Java/Azul Systems, Inc./17.0.12+7-LTS"} created with settings MongoClientSettings{readPreference=primary, writeConcern=WriteConcern{w=null, wTimeout=null ms, journal=null}, retryWrites=true, retryReads=true, readConcern=ReadConcern{level=null}, credential=null, transportSettings=null, commandListeners=[io.micrometer.core.instrument.binder.mongodb.MongoMetricsCommandListener@e01a26b], codecRegistry=ProvidersCodecRegistry{codecProviders=[ValueCodecProvider{}, BsonValueCodecProvider{}, DBRefCodecProvider{}, DBObjectCodecProvider{}, DocumentCodecProvider{}, CollectionCodecProvider{}, IterableCodecProvider{}, MapCodecProvider{}, GeoJsonCodecProvider{}, GridFSFileCodecProvider{}, Jsr310CodecProvider{}, JsonObjectCodecProvider{}, BsonCodecProvider{}, EnumCodecProvider{}, com.mongodb.client.model.mql.ExpressionCodecProvider@456aa471, com.mongodb.Jep395RecordCodecProvider@69e2fe3b, com.mongodb.KotlinCodecProvider@27afbf14]}, loggerSettings=LoggerSettings{maxDocumentLength=1000}, clusterSettings={hosts=[localhost:27017], srvServiceName=mongodb, mode=SINGLE, requiredClusterType=UNKNOWN, requiredReplicaSetName='null', serverSelector='null', clusterListeners='[]', serverSelectionTimeout='30000 ms', localThreshold='15 ms'}, socketSettings=SocketSettings{connectTimeoutMS=10000, readTimeoutMS=0, receiveBufferSize=0, proxySettings=ProxySettings{host=null, port=null, username=null, password=null}}, heartbeatSocketSettings=SocketSettings{connectTimeoutMS=10000, readTimeoutMS=10000, receiveBufferSize=0, proxySettings=ProxySettings{host=null, port=null, username=null, password=null}}, connectionPoolSettings=ConnectionPoolSettings{maxSize=100, minSize=0, maxWaitTimeMS=120000, maxConnectionLifeTimeMS=0, maxConnectionIdleTimeMS=0, maintenanceInitialDelayMS=0, maintenanceFrequencyMS=60000, connectionPoolListeners=[io.micrometer.core.instrument.binder.mongodb.MongoMetricsConnectionPoolListener@795f6681], maxConnecting=2}, serverSettings=ServerSettings{heartbeatFrequencyMS=10000, minHeartbeatFrequencyMS=500, serverMonitoringMode=AUTO, serverListeners='[]', serverMonitorListeners='[]'}, sslSettings=SslSettings{enabled=false, invalidHostNameAllowed=false, context=null}, applicationName='null', compressorList=[], uuidRepresentation=JAVA_LEGACY, serverApi=null, autoEncryptionSettings=null, dnsClient=null, inetAddressResolver=null, contextProvider=null, timeoutMS=null}
2026-05-21T20:00:02.792-07:00  INFO 37356 --- [ftehc] [localhost:27017] org.mongodb.driver.cluster               : Monitor thread successfully connected to server with description ServerDescription{address=localhost:27017, type=STANDALONE, cryptd=false, state=CONNECTED, ok=true, minWireVersion=0, maxWireVersion=17, maxDocumentSize=16777216, logicalSessionTimeoutMinutes=30, roundTripTimeNanos=18780201, minRoundTripTimeNanos=0}
2026-05-21T20:00:03.306-07:00  INFO 37356 --- [ftehc] [           main] o.s.b.a.w.s.WelcomePageHandlerMapping    : Adding welcome page: class path resource [static/index.html]
2026-05-21T20:00:03.516-07:00  INFO 37356 --- [ftehc] [           main] o.s.b.a.e.web.EndpointLinksResolver      : Exposing 2 endpoints beneath base path '/actuator'
2026-05-21T20:00:03.544-07:00  WARN 37356 --- [ftehc] [           main] .s.s.UserDetailsServiceAutoConfiguration : 

Using generated security password: 0d4e8530-71ea-43d4-88cd-d8f3a6aebd4d

This generated password is for development use only. Your security configuration must be updated before running your application in production.

2026-05-21T20:00:03.550-07:00  INFO 37356 --- [ftehc] [           main] r$InitializeUserDetailsManagerConfigurer : Global AuthenticationManager configured with UserDetailsService bean with name inMemoryUserDetailsManager
2026-05-21T20:00:03.899-07:00  INFO 37356 --- [ftehc] [           main] o.s.b.w.embedded.tomcat.TomcatWebServer  : Tomcat started on port 8080 (http) with context path '/'
2026-05-21T20:00:03.914-07:00  INFO 37356 --- [ftehc] [           main] com.ftehc.ftehc.FtehcApplication         : Started FtehcApplication in 3.153 seconds (process running for 3.816)
2026-05-21T20:00:04.001-07:00  WARN 37356 --- [ftehc] [           main] o.s.core.events.SpringDocAppInitializer  : SpringDoc /v3/api-docs endpoint is enabled by default. To disable it in production, set the property 'springdoc.api-docs.enabled=false'
2026-05-21T20:00:04.002-07:00  WARN 37356 --- [ftehc] [           main] o.s.core.events.SpringDocAppInitializer  : SpringDoc /swagger-ui.html endpoint is enabled by default. To disable it in production, set the property 'springdoc.swagger-ui.enabled=false'
2026-05-21T20:00:04.090-07:00  INFO 37356 --- [ftehc] [nio-8080-exec-1] o.a.c.c.C.[Tomcat].[localhost].[/]       : Initializing Spring DispatcherServlet 'dispatcherServlet'
2026-05-21T20:00:04.090-07:00  INFO 37356 --- [ftehc] [nio-8080-exec-1] o.s.web.servlet.DispatcherServlet        : Initializing Servlet 'dispatcherServlet'
2026-05-21T20:00:04.091-07:00  INFO 37356 --- [ftehc] [nio-8080-exec-1] o.s.web.servlet.DispatcherServlet        : Completed initialization in 1 ms
[INFO] Scanning for projects...
Downloading from central: https://repo.maven.apache.org/maven2/org/cyclonedx/maven-metadata.xml
Downloading from central: https://repo.maven.apache.org/maven2/org/springframework/boot/maven-metadata.xml
Downloading from central: https://repo.maven.apache.org/maven2/org/flywaydb/maven-metadata.xml
Downloading from central: https://repo.maven.apache.org/maven2/io/github/git-commit-id/maven-metadata.xml
Progress (1): 249 B
Progress (2): 249 B | 243 B
Progress (3): 249 B | 243 B | 255 B
Progress (4): 249 B | 243 B | 255 B | 234 B
                                           
Downloaded from central: https://repo.maven.apache.org/maven2/io/github/git-commit-id/maven-metadata.xml (255 B at 314 B/s)
Downloaded from central: https://repo.maven.apache.org/maven2/org/flywaydb/maven-metadata.xml (234 B at 287 B/s)
Downloaded from central: https://repo.maven.apache.org/maven2/org/cyclonedx/maven-metadata.xml (243 B at 298 B/s)
Downloading from central: https://repo.maven.apache.org/maven2/org/liquibase/maven-metadata.xml
Downloading from central: https://repo.maven.apache.org/maven2/org/jooq/maven-metadata.xml
Downloading from central: https://repo.maven.apache.org/maven2/org/jetbrains/kotlin/maven-metadata.xml
Downloaded from central: https://repo.maven.apache.org/maven2/org/springframework/boot/maven-metadata.xml (249 B at 303 B/s)
Downloading from central: https://repo.maven.apache.org/maven2/org/graalvm/buildtools/maven-metadata.xml
Progress (1): 394 B
Progress (2): 394 B | 375 B
Progress (3): 394 B | 375 B | 398 B
Progress (4): 394 B | 375 B | 398 B | 242 B
                                           
Downloaded from central: https://repo.maven.apache.org/maven2/org/jetbrains/kotlin/maven-metadata.xml (375 B at 3.8 kB/s)
Downloading from central: https://repo.maven.apache.org/maven2/org/apache/maven/plugins/maven-metadata.xml
Downloaded from central: https://repo.maven.apache.org/maven2/org/liquibase/maven-metadata.xml (394 B at 3.9 kB/s)
Downloaded from central: https://repo.maven.apache.org/maven2/org/jooq/maven-metadata.xml (398 B at 3.9 kB/s)
Downloading from central: https://repo.maven.apache.org/maven2/org/codehaus/mojo/maven-metadata.xml
Downloaded from central: https://repo.maven.apache.org/maven2/org/graalvm/buildtools/maven-metadata.xml (242 B at 2.4 kB/s)
Progress (1): 3.4 kB
Progress (1): 7.3 kB
Progress (1): 12 kB 
Progress (1): 16 kB
Progress (1): 20 kB
Progress (1): 21 kB
Progress (2): 21 kB | 4.6 kB
Progress (2): 21 kB | 9.7 kB
Progress (2): 21 kB | 14 kB 
                           
Downloaded from central: https://repo.maven.apache.org/maven2/org/apache/maven/plugins/maven-metadata.xml (14 kB at 106 kB/s)
Downloaded from central: https://repo.maven.apache.org/maven2/org/codehaus/mojo/maven-metadata.xml (21 kB at 119 kB/s)
[INFO] 
[INFO] --------------------------< com.ftehc:ftehc >---------------------------
[INFO] Building  0.0.1-SNAPSHOT
[INFO]   from pom.xml
[INFO] --------------------------------[ jar ]---------------------------------
[INFO] 
[INFO] >>> spring-boot:3.5.14:run (default-cli) > test-compile @ ftehc >>>
[WARNING] The POM for org.springdoc:springdoc-openapi-starter-webmvc-ui:jar:2.8.16 is invalid, transitive dependencies (if any) will not be available: 1 problem was encountered while building the effective model for org.springdoc:springdoc-openapi-starter-webmvc-ui:2.8.16
[FATAL] The parents form a cycle: org.springdoc:springdoc-openapi-starter-webmvc-ui:2.8.16 -> org.springframework.boot:spring-boot-starter-parent:3.5.11 -> org.springframework.boot:spring-boot-dependencies:3.5.11 -> org.springframework.boot:spring-boot-starter-parent:3.5.11 @ com.expd.worker:script-log-consumer-worker project:3.5.11

[WARNING] The POM for org.springdoc:springdoc-openapi-starter-webmvc-api:jar:2.8.16 is invalid, transitive dependencies (if any) will not be available: 1 problem was encountered while building the effective model for org.springdoc:springdoc-openapi-starter-webmvc-api:2.8.16
[FATAL] The parents form a cycle: org.springdoc:springdoc-openapi-starter-webmvc-api:2.8.16 -> org.springframework.boot:spring-boot-starter-parent:3.5.11 -> org.springframework.boot:spring-boot-dependencies:3.5.11 -> org.springframework.boot:spring-boot-starter-parent:3.5.11 @ com.expd.worker:script-log-consumer-worker project:3.5.11

[WARNING] The POM for org.springdoc:springdoc-openapi-starter-common:jar:2.8.16 is invalid, transitive dependencies (if any) will not be available: 1 problem was encountered while building the effective model for org.springdoc:springdoc-openapi-starter-common:2.8.16
[FATAL] The parents form a cycle: org.springdoc:springdoc-openapi-starter-common:2.8.16 -> org.springframework.boot:spring-boot-starter-parent:3.5.11 -> org.springframework.boot:spring-boot-dependencies:3.5.11 -> org.springframework.boot:spring-boot-starter-parent:3.5.11 @ com.expd.worker:script-log-consumer-worker project:3.5.11

[INFO] 
[INFO] --- resources:3.3.1:resources (default-resources) @ ftehc ---
[INFO] Copying 3 resources from src\main\resources to target\classes
[INFO] Copying 0 resource from src\main\resources to target\classes
[INFO] 
[INFO] --- resources:3.3.1:copy-resources (copy-frontend-browser-dist) @ ftehc ---
[INFO] Copying 63 resources from client\dist\school-portal-frontend\browser to target\classes\static
[INFO] 
[INFO] --- compiler:3.14.1:compile (default-compile) @ ftehc ---
[INFO] Nothing to compile - all classes are up to date.
[INFO] 
[INFO] --- resources:3.3.1:testResources (default-testResources) @ ftehc ---
[INFO] skip non existing resourceDirectory C:\Users\chq-berehanet\DBKG\FTEHC-School\src\test\resources
[INFO] 
[INFO] --- compiler:3.14.1:testCompile (default-testCompile) @ ftehc ---
[INFO] Nothing to compile - all classes are up to date.
[INFO] 
[INFO] <<< spring-boot:3.5.14:run (default-cli) < test-compile @ ftehc <<<
[INFO] 
[INFO] 
[INFO] --- spring-boot:3.5.14:run (default-cli) @ ftehc ---
[INFO] Attaching agents: []

  .   ____          _            __ _ _
 /\\ / ___'_ __ _ _(_)_ __  __ _ \ \ \ \
( ( )\___ | '_ | '_| | '_ \/ _` | \ \ \ \
 \\/  ___)| |_)| | | | | || (_| |  ) ) ) )
  '  |____| .__|_| |_|_| |_\__, | / / / /
 =========|_|==============|___/=/_/_/_/

 :: Spring Boot ::               (v3.5.14)

2026-05-22T21:29:37.659-07:00  INFO 7100 --- [ftehc] [           main] com.ftehc.ftehc.FtehcApplication         : Starting FtehcApplication using Java 17.0.12 with PID 7100 (C:\Users\chq-berehanet\DBKG\FTEHC-School\target\classes started by chq-berehanet in C:\Users\chq-berehanet\DBKG\FTEHC-School)
2026-05-22T21:29:37.663-07:00  INFO 7100 --- [ftehc] [           main] com.ftehc.ftehc.FtehcApplication         : The following 1 profile is active: "local"
2026-05-22T21:29:39.292-07:00  INFO 7100 --- [ftehc] [           main] .s.d.r.c.RepositoryConfigurationDelegate : Bootstrapping Spring Data MongoDB repositories in DEFAULT mode.
2026-05-22T21:29:39.421-07:00  INFO 7100 --- [ftehc] [           main] .s.d.r.c.RepositoryConfigurationDelegate : Finished Spring Data repository scanning in 120 ms. Found 14 MongoDB repository interfaces.
2026-05-22T21:29:40.121-07:00  INFO 7100 --- [ftehc] [           main] o.s.b.w.embedded.tomcat.TomcatWebServer  : Tomcat initialized with port 8080 (http)
2026-05-22T21:29:40.136-07:00  INFO 7100 --- [ftehc] [           main] o.apache.catalina.core.StandardService   : Starting service [Tomcat]
2026-05-22T21:29:40.137-07:00  INFO 7100 --- [ftehc] [           main] o.apache.catalina.core.StandardEngine    : Starting Servlet engine: [Apache Tomcat/10.1.54]
2026-05-22T21:29:40.228-07:00  INFO 7100 --- [ftehc] [           main] o.a.c.c.C.[Tomcat].[localhost].[/]       : Initializing Spring embedded WebApplicationContext
2026-05-22T21:29:40.229-07:00  INFO 7100 --- [ftehc] [           main] w.s.c.ServletWebServerApplicationContext : Root WebApplicationContext: initialization completed in 2512 ms
2026-05-22T21:29:40.713-07:00  INFO 7100 --- [ftehc] [           main] org.mongodb.driver.client                : MongoClient with metadata {"driver": {"name": "mongo-java-driver|sync|spring-boot", "version": "5.5.2"}, "os": {"type": "Windows", "name": "Windows 11", "architecture": "amd64", "version": "10.0"}, "platform": "Java/Azul Systems, Inc./17.0.12+7-LTS"} created with settings MongoClientSettings{readPreference=primary, writeConcern=WriteConcern{w=null, wTimeout=null ms, journal=null}, retryWrites=true, retryReads=true, readConcern=ReadConcern{level=null}, credential=null, transportSettings=null, commandListeners=[io.micrometer.core.instrument.binder.mongodb.MongoMetricsCommandListener@2049e582], codecRegistry=ProvidersCodecRegistry{codecProviders=[ValueCodecProvider{}, BsonValueCodecProvider{}, DBRefCodecProvider{}, DBObjectCodecProvider{}, DocumentCodecProvider{}, CollectionCodecProvider{}, IterableCodecProvider{}, MapCodecProvider{}, GeoJsonCodecProvider{}, GridFSFileCodecProvider{}, Jsr310CodecProvider{}, JsonObjectCodecProvider{}, BsonCodecProvider{}, EnumCodecProvider{}, com.mongodb.client.model.mql.ExpressionCodecProvider@4cfcac13, com.mongodb.Jep395RecordCodecProvider@5c25d0d1, com.mongodb.KotlinCodecProvider@22c8ee48]}, loggerSettings=LoggerSettings{maxDocumentLength=1000}, clusterSettings={hosts=[localhost:27017], srvServiceName=mongodb, mode=SINGLE, requiredClusterType=UNKNOWN, requiredReplicaSetName='null', serverSelector='null', clusterListeners='[]', serverSelectionTimeout='30000 ms', localThreshold='15 ms'}, socketSettings=SocketSettings{connectTimeoutMS=10000, readTimeoutMS=0, receiveBufferSize=0, proxySettings=ProxySettings{host=null, port=null, username=null, password=null}}, heartbeatSocketSettings=SocketSettings{connectTimeoutMS=10000, readTimeoutMS=10000, receiveBufferSize=0, proxySettings=ProxySettings{host=null, port=null, username=null, password=null}}, connectionPoolSettings=ConnectionPoolSettings{maxSize=100, minSize=0, maxWaitTimeMS=120000, maxConnectionLifeTimeMS=0, maxConnectionIdleTimeMS=0, maintenanceInitialDelayMS=0, maintenanceFrequencyMS=60000, connectionPoolListeners=[io.micrometer.core.instrument.binder.mongodb.MongoMetricsConnectionPoolListener@3e0a9b1d], maxConnecting=2}, serverSettings=ServerSettings{heartbeatFrequencyMS=10000, minHeartbeatFrequencyMS=500, serverMonitoringMode=AUTO, serverListeners='[]', serverMonitorListeners='[]'}, sslSettings=SslSettings{enabled=false, invalidHostNameAllowed=false, context=null}, applicationName='null', compressorList=[], uuidRepresentation=JAVA_LEGACY, serverApi=null, autoEncryptionSettings=null, dnsClient=null, inetAddressResolver=null, contextProvider=null, timeoutMS=null}
2026-05-22T21:29:40.742-07:00  INFO 7100 --- [ftehc] [localhost:27017] org.mongodb.driver.cluster               : Monitor thread successfully connected to server with description ServerDescription{address=localhost:27017, type=STANDALONE, cryptd=false, state=CONNECTED, ok=true, minWireVersion=0, maxWireVersion=17, maxDocumentSize=16777216, logicalSessionTimeoutMinutes=30, roundTripTimeNanos=26378900, minRoundTripTimeNanos=0}
2026-05-22T21:29:41.786-07:00  INFO 7100 --- [ftehc] [           main] o.s.b.a.w.s.WelcomePageHandlerMapping    : Adding welcome page: class path resource [static/index.html]
2026-05-22T21:29:42.182-07:00  INFO 7100 --- [ftehc] [           main] o.s.b.a.e.web.EndpointLinksResolver      : Exposing 2 endpoints beneath base path '/actuator'
2026-05-22T21:29:42.232-07:00  WARN 7100 --- [ftehc] [           main] .s.s.UserDetailsServiceAutoConfiguration : 

Using generated security password: ac16fd4e-9a76-4f6d-9f80-02fe81c19d9a

This generated password is for development use only. Your security configuration must be updated before running your application in production.

2026-05-22T21:29:42.244-07:00  INFO 7100 --- [ftehc] [           main] r$InitializeUserDetailsManagerConfigurer : Global AuthenticationManager configured with UserDetailsService bean with name inMemoryUserDetailsManager
2026-05-22T21:29:42.972-07:00  INFO 7100 --- [ftehc] [           main] o.s.b.w.embedded.tomcat.TomcatWebServer  : Tomcat started on port 8080 (http) with context path '/'
2026-05-22T21:29:43.009-07:00  INFO 7100 --- [ftehc] [           main] com.ftehc.ftehc.FtehcApplication         : Started FtehcApplication in 5.867 seconds (process running for 6.693)
2026-05-22T21:29:43.097-07:00  INFO 7100 --- [ftehc] [nio-8080-exec-1] o.a.c.c.C.[Tomcat].[localhost].[/]       : Initializing Spring DispatcherServlet 'dispatcherServlet'
2026-05-22T21:29:43.097-07:00  INFO 7100 --- [ftehc] [nio-8080-exec-1] o.s.web.servlet.DispatcherServlet        : Initializing Servlet 'dispatcherServlet'
2026-05-22T21:29:43.098-07:00  INFO 7100 --- [ftehc] [nio-8080-exec-1] o.s.web.servlet.DispatcherServlet        : Completed initialization in 1 ms
2026-05-22T21:29:43.276-07:00  WARN 7100 --- [ftehc] [           main] o.s.core.events.SpringDocAppInitializer  : SpringDoc /v3/api-docs endpoint is enabled by default. To disable it in production, set the property 'springdoc.api-docs.enabled=false'
2026-05-22T21:29:43.280-07:00  WARN 7100 --- [ftehc] [           main] o.s.core.events.SpringDocAppInitializer  : SpringDoc /swagger-ui.html endpoint is enabled by default. To disable it in production, set the property 'springdoc.swagger-ui.enabled=false'
[INFO] Scanning for projects...
Downloading from central: https://repo.maven.apache.org/maven2/org/flywaydb/maven-metadata.xml
Downloading from central: https://repo.maven.apache.org/maven2/org/springframework/boot/maven-metadata.xml
Downloading from central: https://repo.maven.apache.org/maven2/org/cyclonedx/maven-metadata.xml
Downloading from central: https://repo.maven.apache.org/maven2/io/github/git-commit-id/maven-metadata.xml
Progress (1): 243 B
Progress (2): 243 B | 255 B
Progress (3): 243 B | 255 B | 234 B
Progress (4): 243 B | 255 B | 234 B | 249 B
                                           
Downloaded from central: https://repo.maven.apache.org/maven2/org/cyclonedx/maven-metadata.xml (243 B at 297 B/s)
Downloaded from central: https://repo.maven.apache.org/maven2/org/flywaydb/maven-metadata.xml (234 B at 285 B/s)
Downloaded from central: https://repo.maven.apache.org/maven2/org/springframework/boot/maven-metadata.xml (249 B at 303 B/s)
Downloading from central: https://repo.maven.apache.org/maven2/org/jetbrains/kotlin/maven-metadata.xml
Downloading from central: https://repo.maven.apache.org/maven2/org/liquibase/maven-metadata.xml
Downloading from central: https://repo.maven.apache.org/maven2/org/jooq/maven-metadata.xml
Downloaded from central: https://repo.maven.apache.org/maven2/io/github/git-commit-id/maven-metadata.xml (255 B at 310 B/s)
Downloading from central: https://repo.maven.apache.org/maven2/org/graalvm/buildtools/maven-metadata.xml
Progress (1): 394 B
Progress (2): 394 B | 242 B
Progress (3): 394 B | 242 B | 375 B
Progress (4): 394 B | 242 B | 375 B | 398 B
                                           
Downloaded from central: https://repo.maven.apache.org/maven2/org/graalvm/buildtools/maven-metadata.xml (242 B at 2.2 kB/s)
Downloading from central: https://repo.maven.apache.org/maven2/org/apache/maven/plugins/maven-metadata.xml
Downloaded from central: https://repo.maven.apache.org/maven2/org/jooq/maven-metadata.xml (398 B at 3.4 kB/s)
Downloaded from central: https://repo.maven.apache.org/maven2/org/liquibase/maven-metadata.xml (394 B at 3.3 kB/s)
Downloaded from central: https://repo.maven.apache.org/maven2/org/jetbrains/kotlin/maven-metadata.xml (375 B at 3.2 kB/s)
Downloading from central: https://repo.maven.apache.org/maven2/org/codehaus/mojo/maven-metadata.xml
Progress (1): 3.4 kB
Progress (2): 3.4 kB | 3.7 kB
Progress (2): 3.4 kB | 7.4 kB
Progress (2): 7.2 kB | 7.4 kB
Progress (2): 7.2 kB | 13 kB 
Progress (2): 10 kB | 13 kB 
Progress (2): 10 kB | 19 kB
Progress (2): 10 kB | 20 kB
                           
Downloaded from central: https://repo.maven.apache.org/maven2/org/codehaus/mojo/maven-metadata.xml (20 kB at 205 kB/s)
Downloaded from central: https://repo.maven.apache.org/maven2/org/apache/maven/plugins/maven-metadata.xml (10 kB at 96 kB/s)
[INFO] 
[INFO] --------------------------< com.ftehc:ftehc >---------------------------
[INFO] Building  0.0.1-SNAPSHOT
[INFO]   from pom.xml
[INFO] --------------------------------[ jar ]---------------------------------
[INFO] 
[INFO] >>> spring-boot:3.5.14:run (default-cli) > test-compile @ ftehc >>>
[WARNING] The POM for org.springdoc:springdoc-openapi-starter-webmvc-ui:jar:2.8.16 is invalid, transitive dependencies (if any) will not be available: 1 problem was encountered while building the effective model for org.springdoc:springdoc-openapi-starter-webmvc-ui:2.8.16
[FATAL] The parents form a cycle: org.springdoc:springdoc-openapi-starter-webmvc-ui:2.8.16 -> org.springframework.boot:spring-boot-starter-parent:3.5.11 -> org.springframework.boot:spring-boot-dependencies:3.5.11 -> org.springframework.boot:spring-boot-starter-parent:3.5.11 @ com.expd.worker:script-log-consumer-worker project:3.5.11

[WARNING] The POM for org.springdoc:springdoc-openapi-starter-webmvc-api:jar:2.8.16 is invalid, transitive dependencies (if any) will not be available: 1 problem was encountered while building the effective model for org.springdoc:springdoc-openapi-starter-webmvc-api:2.8.16
[FATAL] The parents form a cycle: org.springdoc:springdoc-openapi-starter-webmvc-api:2.8.16 -> org.springframework.boot:spring-boot-starter-parent:3.5.11 -> org.springframework.boot:spring-boot-dependencies:3.5.11 -> org.springframework.boot:spring-boot-starter-parent:3.5.11 @ com.expd.worker:script-log-consumer-worker project:3.5.11

[WARNING] The POM for org.springdoc:springdoc-openapi-starter-common:jar:2.8.16 is invalid, transitive dependencies (if any) will not be available: 1 problem was encountered while building the effective model for org.springdoc:springdoc-openapi-starter-common:2.8.16
[FATAL] The parents form a cycle: org.springdoc:springdoc-openapi-starter-common:2.8.16 -> org.springframework.boot:spring-boot-starter-parent:3.5.11 -> org.springframework.boot:spring-boot-dependencies:3.5.11 -> org.springframework.boot:spring-boot-starter-parent:3.5.11 @ com.expd.worker:script-log-consumer-worker project:3.5.11

[INFO] 
[INFO] --- resources:3.3.1:resources (default-resources) @ ftehc ---
[INFO] Copying 3 resources from src\main\resources to target\classes
[INFO] Copying 0 resource from src\main\resources to target\classes
[INFO] 
[INFO] --- resources:3.3.1:copy-resources (copy-frontend-browser-dist) @ ftehc ---
[INFO] Copying 63 resources from client\dist\school-portal-frontend\browser to target\classes\static
[INFO] 
[INFO] --- compiler:3.14.1:compile (default-compile) @ ftehc ---
[INFO] Nothing to compile - all classes are up to date.
[INFO] 
[INFO] --- resources:3.3.1:testResources (default-testResources) @ ftehc ---
[INFO] skip non existing resourceDirectory C:\Users\chq-berehanet\DBKG\FTEHC-School\src\test\resources
[INFO] 
[INFO] --- compiler:3.14.1:testCompile (default-testCompile) @ ftehc ---
[INFO] Nothing to compile - all classes are up to date.
[INFO] 
[INFO] <<< spring-boot:3.5.14:run (default-cli) < test-compile @ ftehc <<<
[INFO] 
[INFO] 
[INFO] --- spring-boot:3.5.14:run (default-cli) @ ftehc ---
[INFO] Attaching agents: []

  .   ____          _            __ _ _
 /\\ / ___'_ __ _ _(_)_ __  __ _ \ \ \ \
( ( )\___ | '_ | '_| | '_ \/ _` | \ \ \ \
 \\/  ___)| |_)| | | | | || (_| |  ) ) ) )
  '  |____| .__|_| |_|_| |_\__, | / / / /
 =========|_|==============|___/=/_/_/_/

 :: Spring Boot ::               (v3.5.14)

2026-09-17T04:16:54.438-07:00  INFO 27816 --- [ftehc] [           main] com.ftehc.ftehc.FtehcApplication         : Starting FtehcApplication using Java 17.0.12 with PID 27816 (C:\Users\chq-berehanet\DBKG\FTEHC-School\target\classes started by chq-berehanet in C:\Users\chq-berehanet\DBKG\FTEHC-School)
2026-09-17T04:16:54.444-07:00  INFO 27816 --- [ftehc] [           main] com.ftehc.ftehc.FtehcApplication         : The following 1 profile is active: "local"
2026-09-17T04:16:55.889-07:00  INFO 27816 --- [ftehc] [           main] .s.d.r.c.RepositoryConfigurationDelegate : Bootstrapping Spring Data MongoDB repositories in DEFAULT mode.
2026-09-17T04:16:55.987-07:00  INFO 27816 --- [ftehc] [           main] .s.d.r.c.RepositoryConfigurationDelegate : Finished Spring Data repository scanning in 91 ms. Found 14 MongoDB repository interfaces.
2026-09-17T04:16:56.773-07:00  INFO 27816 --- [ftehc] [           main] o.s.b.w.embedded.tomcat.TomcatWebServer  : Tomcat initialized with port 8080 (http)
2026-09-17T04:16:56.792-07:00  INFO 27816 --- [ftehc] [           main] o.apache.catalina.core.StandardService   : Starting service [Tomcat]
2026-09-17T04:16:56.793-07:00  INFO 27816 --- [ftehc] [           main] o.apache.catalina.core.StandardEngine    : Starting Servlet engine: [Apache Tomcat/10.1.54]
2026-09-17T04:16:56.878-07:00  INFO 27816 --- [ftehc] [           main] o.a.c.c.C.[Tomcat].[localhost].[/]       : Initializing Spring embedded WebApplicationContext
2026-09-17T04:16:56.879-07:00  INFO 27816 --- [ftehc] [           main] w.s.c.ServletWebServerApplicationContext : Root WebApplicationContext: initialization completed in 2386 ms
2026-09-17T04:16:57.252-07:00  INFO 27816 --- [ftehc] [           main] org.mongodb.driver.client                : MongoClient with metadata {"driver": {"name": "mongo-java-driver|sync|spring-boot", "version": "5.5.2"}, "os": {"type": "Windows", "name": "Windows 11", "architecture": "amd64", "version": "10.0"}, "platform": "Java/Azul Systems, Inc./17.0.12+7-LTS"} created with settings MongoClientSettings{readPreference=primary, writeConcern=WriteConcern{w=null, wTimeout=null ms, journal=null}, retryWrites=true, retryReads=true, readConcern=ReadConcern{level=null}, credential=null, transportSettings=null, commandListeners=[io.micrometer.core.instrument.binder.mongodb.MongoMetricsCommandListener@21516c88], codecRegistry=ProvidersCodecRegistry{codecProviders=[ValueCodecProvider{}, BsonValueCodecProvider{}, DBRefCodecProvider{}, DBObjectCodecProvider{}, DocumentCodecProvider{}, CollectionCodecProvider{}, IterableCodecProvider{}, MapCodecProvider{}, GeoJsonCodecProvider{}, GridFSFileCodecProvider{}, Jsr310CodecProvider{}, JsonObjectCodecProvider{}, BsonCodecProvider{}, EnumCodecProvider{}, com.mongodb.client.model.mql.ExpressionCodecProvider@3be80ece, com.mongodb.Jep395RecordCodecProvider@60a01cb, com.mongodb.KotlinCodecProvider@4efb13f1]}, loggerSettings=LoggerSettings{maxDocumentLength=1000}, clusterSettings={hosts=[localhost:27017], srvServiceName=mongodb, mode=SINGLE, requiredClusterType=UNKNOWN, requiredReplicaSetName='null', serverSelector='null', clusterListeners='[]', serverSelectionTimeout='30000 ms', localThreshold='15 ms'}, socketSettings=SocketSettings{connectTimeoutMS=10000, readTimeoutMS=0, receiveBufferSize=0, proxySettings=ProxySettings{host=null, port=null, username=null, password=null}}, heartbeatSocketSettings=SocketSettings{connectTimeoutMS=10000, readTimeoutMS=10000, receiveBufferSize=0, proxySettings=ProxySettings{host=null, port=null, username=null, password=null}}, connectionPoolSettings=ConnectionPoolSettings{maxSize=100, minSize=0, maxWaitTimeMS=120000, maxConnectionLifeTimeMS=0, maxConnectionIdleTimeMS=0, maintenanceInitialDelayMS=0, maintenanceFrequencyMS=60000, connectionPoolListeners=[io.micrometer.core.instrument.binder.mongodb.MongoMetricsConnectionPoolListener@5c53c235], maxConnecting=2}, serverSettings=ServerSettings{heartbeatFrequencyMS=10000, minHeartbeatFrequencyMS=500, serverMonitoringMode=AUTO, serverListeners='[]', serverMonitorListeners='[]'}, sslSettings=SslSettings{enabled=false, invalidHostNameAllowed=false, context=null}, applicationName='null', compressorList=[], uuidRepresentation=JAVA_LEGACY, serverApi=null, autoEncryptionSettings=null, dnsClient=null, inetAddressResolver=null, contextProvider=null, timeoutMS=null}
2026-09-17T04:16:57.280-07:00  INFO 27816 --- [ftehc] [localhost:27017] org.mongodb.driver.cluster               : Monitor thread successfully connected to server with description ServerDescription{address=localhost:27017, type=STANDALONE, cryptd=false, state=CONNECTED, ok=true, minWireVersion=0, maxWireVersion=17, maxDocumentSize=16777216, logicalSessionTimeoutMinutes=30, roundTripTimeNanos=18413800, minRoundTripTimeNanos=0}
2026-09-17T04:16:58.012-07:00  INFO 27816 --- [ftehc] [           main] o.s.b.a.w.s.WelcomePageHandlerMapping    : Adding welcome page: class path resource [static/index.html]
2026-09-17T04:16:58.300-07:00  INFO 27816 --- [ftehc] [           main] o.s.b.a.e.web.EndpointLinksResolver      : Exposing 2 endpoints beneath base path '/actuator'
2026-09-17T04:16:58.337-07:00  WARN 27816 --- [ftehc] [           main] .s.s.UserDetailsServiceAutoConfiguration : 

Using generated security password: 691099d3-1ec9-488c-9a42-85b405371306

This generated password is for development use only. Your security configuration must be updated before running your application in production.

2026-09-17T04:16:58.347-07:00  INFO 27816 --- [ftehc] [           main] r$InitializeUserDetailsManagerConfigurer : Global AuthenticationManager configured with UserDetailsService bean with name inMemoryUserDetailsManager
2026-09-17T04:16:58.854-07:00  INFO 27816 --- [ftehc] [           main] o.s.b.w.embedded.tomcat.TomcatWebServer  : Tomcat started on port 8080 (http) with context path '/'
2026-09-17T04:16:58.871-07:00  INFO 27816 --- [ftehc] [           main] com.ftehc.ftehc.FtehcApplication         : Started FtehcApplication in 4.871 seconds (process running for 5.598)
2026-09-17T04:16:58.993-07:00  WARN 27816 --- [ftehc] [           main] o.s.core.events.SpringDocAppInitializer  : SpringDoc /v3/api-docs endpoint is enabled by default. To disable it in production, set the property 'springdoc.api-docs.enabled=false'
2026-09-17T04:16:58.995-07:00  WARN 27816 --- [ftehc] [           main] o.s.core.events.SpringDocAppInitializer  : SpringDoc /swagger-ui.html endpoint is enabled by default. To disable it in production, set the property 'springdoc.swagger-ui.enabled=false'
2026-09-17T04:16:59.021-07:00  INFO 27816 --- [ftehc] [nio-8080-exec-1] o.a.c.c.C.[Tomcat].[localhost].[/]       : Initializing Spring DispatcherServlet 'dispatcherServlet'
2026-09-17T04:16:59.022-07:00  INFO 27816 --- [ftehc] [nio-8080-exec-1] o.s.web.servlet.DispatcherServlet        : Initializing Servlet 'dispatcherServlet'
2026-09-17T04:16:59.024-07:00  INFO 27816 --- [ftehc] [nio-8080-exec-1] o.s.web.servlet.DispatcherServlet        : Completed initialization in 2 ms
